ProblemName,Seed,Permutation,T_default,T_mir-conflicts,maxT_default,maxT_mir-conflicts,N_default,N_mir-conflicts,PDI_default,PDI_mir-conflicts,St_default,St_mir-conflicts,TQ+1_default,TQ+1_mir-conflicts,maxTQ+1_default,maxTQ+1_mir-conflicts,NQ+100_default,NQ+100_mir-conflicts,PDIQ_default,PDIQ_mir-conflicts
30n20b8,0,0,286.68,356.76,286.68,356.76,2053,2635,,,ok,ok,1.0,1.2436040044493881,1.0,1.2436040044493881,1.0,1.2703204830469113,0,0
30n20b8,1,0,152.49,299.44,152.49,299.44,2179,2920,,,ok,ok,1.0,1.9573913610007165,1.0,1.9573913610007165,1.0,1.3251426064063185,0,0
30n20b8,2,0,226.8,107.33,226.8,107.33,2170,1476,,,ok,ok,1.0,0.47554872695346795,1.0,0.47554872695346795,1.0,0.694273127753304,0,0
30n20b8,3,0,195.26,392.62,195.26,392.62,2654,1675,,,ok,ok,1.0,2.00560480994599,1.0,2.00560480994599,1.0,0.6445170660856936,0,0
30n20b8,4,0,338.04,219.62,338.04,219.62,4350,2675,,,ok,ok,1.0,0.6507196790939122,1.0,0.6507196790939122,1.0,0.6235955056179775,0,0
CMS750_4,0,0,1893.75,1859.73,1893.75,1859.73,21413,20791,,,ok,ok,1.0,0.9820451246866342,1.0,0.9820451246866342,1.0,0.9710872495700275,0,0
CMS750_4,1,0,1323.7,1118.1,1323.7,1118.1,11275,15761,,,ok,ok,1.0,0.8447950479353815,1.0,0.8447950479353815,1.0,1.3943736263736264,0,0
CMS750_4,2,0,341.44,336.85,341.44,336.85,4055,3865,,,ok,ok,1.0,0.986596192033641,1.0,0.986596192033641,1.0,0.9542719614921781,0,0
CMS750_4,3,0,983.47,3131.01,983.47,3131.01,5630,20053,,,ok,ok,1.0,3.181417412414802,1.0,3.181417412414802,1.0,3.5171029668411866,0,0
CMS750_4,4,0,7200.0,2972.46,7200.0,2972.46,10485,9107,,,timelimit,ok,1.0,0.4129232051104013,1.0,0.4129232051104013,1.0,0.8698157770429854,0,0
air05,0,0,40.65,48.21,40.65,48.21,265,385,,,ok,ok,1.0,1.1815126050420168,1.0,1.1815126050420168,1.0,1.3287671232876712,0,0
air05,1,0,37.98,41.43,37.98,41.43,264,280,,,ok,ok,1.0,1.0885069266290406,1.0,1.0885069266290406,1.0,1.043956043956044,0,0
air05,2,0,38.85,44.24,38.85,44.24,220,307,,,ok,ok,1.0,1.1352572145545796,1.0,1.1352572145545796,1.0,1.271875,0,0
air05,3,0,50.31,40.03,50.31,40.03,543,269,,,ok,ok,1.0,0.799649191190801,1.0,0.799649191190801,1.0,0.5738724727838258,0,0
air05,4,0,37.7,45.57,37.7,45.57,162,380,,,ok,ok,1.0,1.203359173126615,1.0,1.203359173126615,1.0,1.83206106870229,0,0
app1-2,0,0,196.87,198.11,196.87,198.11,792,827,,,ok,ok,1.0,1.0062667407894073,1.0,1.0062667407894073,1.0,1.039237668161435,0,0
app1-2,1,0,344.57,333.24,344.57,333.24,3105,2948,,,ok,ok,1.0,0.967213589142576,1.0,0.967213589142576,1.0,0.9510140405616224,0,0
app1-2,2,0,303.26,298.19,303.26,298.19,1344,1261,,,ok,ok,1.0,0.983336619996056,1.0,0.983336619996056,1.0,0.9425207756232687,0,0
app1-2,3,0,548.4,473.85,548.4,473.85,10775,8281,,,ok,ok,1.0,0.8643065161994904,1.0,0.8643065161994904,1.0,0.7706666666666667,0,0
app1-2,4,0,269.69,276.77,269.69,276.77,1809,1793,,,ok,ok,1.0,1.0261553806937824,1.0,1.0261553806937824,1.0,0.9916186485070718,0,0
atlanta-ip,0,0,6287.46,7200.0,6287.46,7200.0,13744,32829,,,ok,timelimit,1.0,1.1451134299971695,1.0,1.1451134299971695,1.0,2.3785755561976307,0,0
atlanta-ip,3,0,7200.0,7088.25,7200.0,7088.25,20599,22435,,,timelimit,ok,1.0,0.9844813220386057,1.0,0.9844813220386057,1.0,1.0886999371950337,0,0
beasleyC3,0,0,22.39,22.4,22.39,22.4,1,1,,,ok,ok,1.0,1.0004275331338177,1.0,1.0004275331338177,1.0,1.0,0,0
beasleyC3,1,0,17.26,19.88,17.26,19.88,2,2,,,ok,ok,1.0,1.143483023001095,1.0,1.143483023001095,1.0,1.0,0,0
beasleyC3,2,0,17.83,20.72,17.83,20.72,1,1,,,ok,ok,1.0,1.1534784917684546,1.0,1.1534784917684546,1.0,1.0,0,0
beasleyC3,3,0,23.35,19.87,23.35,19.87,1,1,,,ok,ok,1.0,0.8570841889117043,1.0,0.8570841889117043,1.0,1.0,0,0
beasleyC3,4,0,22.89,19.85,22.89,19.85,1,1,,,ok,ok,1.0,0.8727501046462955,1.0,0.8727501046462955,1.0,1.0,0,0
binkar10_1,0,0,35.36,48.75,35.36,48.75,1829,2826,,,ok,ok,1.0,1.3682618261826183,1.0,1.3682618261826183,1.0,1.5168481078278901,0,0
binkar10_1,1,0,40.58,35.2,40.58,35.2,1867,1859,,,ok,ok,1.0,0.8706108706108707,1.0,0.8706108706108707,1.0,0.9959328927300457,0,0
binkar10_1,2,0,51.73,43.14,51.73,43.14,2392,1998,,,ok,ok,1.0,0.8370946330362223,1.0,0.8370946330362223,1.0,0.8418940609951846,0,0
binkar10_1,3,0,45.34,50.97,45.34,50.97,2561,2947,,,ok,ok,1.0,1.1214933103150624,1.0,1.1214933103150624,1.0,1.1450582487786547,0,0
binkar10_1,4,0,33.91,49.44,33.91,49.44,1929,2070,,,ok,ok,1.0,1.4448582068175309,1.0,1.4448582068175309,1.0,1.0694923607688516,0,0
bnatt400,0,0,291.06,362.19,291.06,362.19,6537,9811,,,ok,ok,1.0,1.2435458467438198,1.0,1.2435458467438198,1.0,1.4932951634774747,0,0
bnatt400,1,0,225.86,308.04,225.86,308.04,6859,7341,,,ok,ok,1.0,1.3622498457198273,1.0,1.3622498457198273,1.0,1.0692628251185514,0,0
bnatt400,2,0,270.64,244.72,270.64,244.72,7484,6247,,,ok,ok,1.0,0.9045795906346635,1.0,0.9045795906346635,1.0,0.8368934599156118,0,0
bnatt400,3,0,231.6,375.18,231.6,375.18,7196,8814,,,ok,ok,1.0,1.6172828890799658,1.0,1.6172828890799658,1.0,1.221765350877193,0,0
bnatt400,4,0,229.99,261.62,229.99,261.62,5819,5866,,,ok,ok,1.0,1.1369323347331053,1.0,1.1369323347331053,1.0,1.007940530495016,0,0
bnatt500,0,0,803.16,1238.38,803.16,1238.38,20807,31254,,,ok,ok,1.0,1.5412107043374454,1.0,1.5412107043374454,1.0,1.4996890993447172,0,0
bnatt500,1,0,846.77,1487.95,846.77,1487.95,25152,33779,,,ok,ok,1.0,1.7563136227986365,1.0,1.7563136227986365,1.0,1.3416363060351655,0,0
bnatt500,2,0,1088.73,1140.5,1088.73,1140.5,31104,28880,,,ok,ok,1.0,1.0475071806777825,1.0,1.0475071806777825,1.0,0.9287270862709909,0,0
bnatt500,3,0,848.1,1337.31,848.1,1337.31,24467,35669,,,ok,ok,1.0,1.5761512189376987,1.0,1.5761512189376987,1.0,1.4559775308340457,0,0
bnatt500,4,0,1259.83,1385.49,1259.83,1385.49,30524,34179,,,ok,ok,1.0,1.0996645067138315,1.0,1.0996645067138315,1.0,1.1193508359456634,0,0
bppc4-08,0,0,2747.29,2884.75,2747.29,2884.75,109275,119818,,,ok,ok,1.0,1.0500165557492114,1.0,1.0500165557492114,1.0,1.096393142857143,0,0
bppc4-08,1,0,3490.64,2709.49,3490.64,2709.49,160989,153003,,,ok,ok,1.0,0.7762799143096081,1.0,0.7762799143096081,1.0,0.9504249203856253,0,0
bppc4-08,2,0,3274.59,3179.07,3274.59,3179.07,134333,135478,,,ok,ok,1.0,0.9708388412469204,1.0,0.9708388412469204,1.0,1.0085172539480634,0,0
bppc4-08,3,0,2963.06,2356.86,2963.06,2356.86,126568,113398,,,ok,ok,1.0,0.7954832223369298,1.0,0.7954832223369298,1.0,0.896027410237787,0,0
bppc4-08,4,0,2389.18,3184.76,2389.18,3184.76,118495,133238,,,ok,ok,1.0,1.3328535926164558,1.0,1.3328535926164558,1.0,1.124313841224335,0,0
brazil3,0,0,7200.0,6940.7,7200.0,6940.7,1873,1168,,,timelimit,ok,1.0,0.9639911123455075,1.0,0.9639911123455075,1.0,0.6426761277242777,0,0
brazil3,4,0,6158.38,7200.0,6158.38,7200.0,1503,1714,,,ok,timelimit,1.0,1.1691111767742857,1.0,1.1691111767742857,1.0,1.1316281971303805,0,0
cbs-cta,0,0,39.33,39.14,39.33,39.14,1,1,,,ok,ok,1.0,0.9952888668484999,1.0,0.9952888668484999,1.0,1.0,0,0
cbs-cta,2,0,39.46,39.47,39.46,39.47,1,1,,,ok,ok,1.0,1.000247157686604,1.0,1.000247157686604,1.0,1.0,0,0
cbs-cta,3,0,586.02,585.02,586.02,585.02,81,81,,,ok,ok,1.0,0.9982964805287724,1.0,0.9982964805287724,1.0,1.0,0,0
cbs-cta,4,0,31.53,31.66,31.53,31.66,1,1,,,ok,ok,1.0,1.0039963110974484,1.0,1.0039963110974484,1.0,1.0,0,0
chromaticindex512-7,0,0,1955.47,788.03,1955.47,788.03,2836,160,,,ok,ok,1.0,0.4032926648504705,1.0,0.4032926648504705,1.0,0.0885558583106267,0,0
chromaticindex512-7,1,0,1285.37,7200.0,1285.37,7200.0,2084,41506,,,ok,timelimit,1.0,5.597922837130842,1.0,5.597922837130842,1.0,19.0503663003663,0,0
chromaticindex512-7,2,0,7200.0,776.49,7200.0,776.49,73056,493,,,timelimit,ok,1.0,0.10796972642688515,1.0,0.10796972642688515,1.0,0.008105965334353983,0,0
chromaticindex512-7,4,0,4954.37,4434.83,4954.37,4434.83,32622,24791,,,ok,ok,1.0,0.8951561639191423,1.0,0.8951561639191423,1.0,0.7606808874763157,0,0
co-100,0,0,5276.58,2111.99,5276.58,2111.99,7997,403,,,ok,ok,1.0,0.4003710033765476,1.0,0.4003710033765476,1.0,0.062121773496356676,0,0
co-100,1,0,2829.22,4693.14,2829.22,4693.14,2161,2353,,,ok,ok,1.0,1.6585777784059192,1.0,1.6585777784059192,1.0,1.0849181777974348,0,0
co-100,2,0,5383.67,3720.0,5383.67,3720.0,4809,1005,,,ok,ok,1.0,0.6910358480649696,1.0,0.6910358480649696,1.0,0.22509676105113058,0,0
co-100,3,0,4132.49,4864.88,4132.49,4864.88,5426,3470,,,ok,ok,1.0,1.1771844131714364,1.0,1.1771844131714364,1.0,0.6460369163952225,0,0
co-100,4,0,4033.96,2967.78,4033.96,2967.78,3666,2012,,,ok,ok,1.0,0.7357644189781312,1.0,0.7357644189781312,1.0,0.5608072225172597,0,0
cod105,0,0,69.44,81.88,69.44,81.88,3,4,,,ok,ok,1.0,1.1766042021578649,1.0,1.1766042021578649,1.0,1.0097087378640777,0,0
cod105,1,0,78.77,82.12,78.77,82.12,3,5,,,ok,ok,1.0,1.0419957377460198,1.0,1.0419957377460198,1.0,1.0194174757281553,0,0
cod105,2,0,92.77,77.65,92.77,77.65,6,5,,,ok,ok,1.0,0.8387543990615336,1.0,0.8387543990615336,1.0,0.9905660377358491,0,0
cod105,3,0,83.77,80.74,83.77,80.74,5,5,,,ok,ok,1.0,0.964256222720302,1.0,0.964256222720302,1.0,1.0,0,0
cod105,4,0,82.74,65.69,82.74,65.69,7,5,,,ok,ok,1.0,0.7963935992357296,1.0,0.7963935992357296,1.0,0.9813084112149533,0,0
cost266-UUE,0,0,4957.23,3682.93,4957.23,3682.93,273638,193597,,,ok,ok,1.0,0.7429929632146955,1.0,0.7429929632146955,1.0,0.707599967852472,0,0
cost266-UUE,1,0,3301.17,3202.21,3301.17,3202.21,206834,161196,,,ok,ok,1.0,0.9700318275558193,1.0,0.9700318275558193,1.0,0.7794562517517662,0,0
cost266-UUE,2,0,2472.87,2296.75,2472.87,2296.75,153869,138096,,,ok,ok,1.0,0.9288079001726041,1.0,0.9288079001726041,1.0,0.8975573004955543,0,0
cost266-UUE,3,0,2476.62,2603.68,2476.62,2603.68,145200,150138,,,ok,ok,1.0,1.0512830861875508,1.0,1.0512830861875508,1.0,1.0339848589125946,0,0
cost266-UUE,4,0,7200.0,3910.42,7200.0,3910.42,50344,221699,,,timelimit,ok,1.0,0.5431773364810443,1.0,0.5431773364810443,1.0,4.396935215288241,0,0
csched007,0,0,2498.29,1875.45,2498.29,1875.45,92266,66363,,,ok,ok,1.0,0.7507932252759784,1.0,0.7507932252759784,1.0,0.7195613104389061,0,0
csched007,1,0,1379.33,2018.11,1379.33,2018.11,60273,93709,,,ok,ok,1.0,1.4627733947679178,1.0,1.4627733947679178,1.0,1.553823729150448,0,0
csched007,2,0,1644.1,1582.22,1644.1,1582.22,67486,65425,,,ok,ok,1.0,0.9623852653334144,1.0,0.9623852653334144,1.0,0.9695055188944456,0,0
csched007,3,0,1506.78,1668.53,1506.78,1668.53,63969,66422,,,ok,ok,1.0,1.1072769236891324,1.0,1.1072769236891324,1.0,1.0382868469930855,0,0
csched007,4,0,1952.27,1555.51,1952.27,1555.51,99290,70268,,,ok,ok,1.0,0.7968739600772039,1.0,0.7968739600772039,1.0,0.7079987926350739,0,0
csched008,0,0,978.54,701.1,978.54,701.1,31303,22018,,,ok,ok,1.0,0.7167650121485596,1.0,0.7167650121485596,1.0,0.7043276120115912,0,0
csched008,1,0,845.19,394.26,845.19,394.26,32771,15839,,,ok,ok,1.0,0.46710549640151733,1.0,0.46710549640151733,1.0,0.48489550059322806,0,0
csched008,2,0,520.38,439.65,520.38,439.65,15447,13857,,,ok,ok,1.0,0.8451609190993133,1.0,0.8451609190993133,1.0,0.8977294654917347,0,0
csched008,3,0,486.0,746.95,486.0,746.95,19889,28198,,,ok,ok,1.0,1.5358316221765915,1.0,1.5358316221765915,1.0,1.4156786232427836,0,0
csched008,4,0,1117.57,655.08,1117.57,655.08,39644,21642,,,ok,ok,1.0,0.5865345932753427,1.0,0.5865345932753427,1.0,0.5470511272141707,0,0
dano3_3,0,0,91.88,91.62,91.88,91.62,14,14,,,ok,ok,1.0,0.9972006890611542,1.0,0.9972006890611542,1.0,1.0,0,0
dano3_3,1,0,87.94,78.05,87.94,78.05,12,12,,,ok,ok,1.0,0.8888014391724758,1.0,0.8888014391724758,1.0,1.0,0,0
dano3_3,2,0,108.79,108.84,108.79,108.84,14,14,,,ok,ok,1.0,1.0004554148829583,1.0,1.0004554148829583,1.0,1.0,0,0
dano3_3,3,0,122.67,108.94,122.67,108.94,16,16,,,ok,ok,1.0,0.8889787337268537,1.0,0.8889787337268537,1.0,1.0,0,0
dano3_3,4,0,101.6,100.69,101.6,100.69,12,12,,,ok,ok,1.0,0.9911306042884991,1.0,0.9911306042884991,1.0,1.0,0,0
dano3_5,0,0,276.04,277.01,276.04,277.01,149,149,,,ok,ok,1.0,1.0035012994513426,1.0,1.0035012994513426,1.0,1.0,0,0
dano3_5,1,0,325.26,283.94,325.26,283.94,146,146,,,ok,ok,1.0,0.8733525409182861,1.0,0.8733525409182861,1.0,1.0,0,0
dano3_5,2,0,251.92,252.37,251.92,252.37,84,84,,,ok,ok,1.0,1.0017792187252887,1.0,1.0017792187252887,1.0,1.0,0,0
dano3_5,3,0,239.34,238.59,239.34,238.59,108,108,,,ok,ok,1.0,0.9968794208205043,1.0,0.9968794208205043,1.0,1.0,0,0
dano3_5,4,0,222.61,222.27,222.61,222.27,112,112,,,ok,ok,1.0,0.9984794955502885,1.0,0.9984794955502885,1.0,1.0,0,0
drayage-25-23,0,0,11.02,8.62,11.02,8.62,2,2,,,ok,ok,1.0,0.800332778702163,1.0,0.800332778702163,1.0,1.0,0,0
drayage-25-23,1,0,12.86,12.12,12.86,12.12,3,212,,,ok,ok,1.0,0.9466089466089466,1.0,0.9466089466089466,1.0,3.029126213592233,0,0
drayage-25-23,2,0,10.25,10.84,10.25,10.84,2,2,,,ok,ok,1.0,1.0524444444444445,1.0,1.0524444444444445,1.0,1.0,0,0
drayage-25-23,3,0,10.25,9.99,10.25,9.99,2,2,,,ok,ok,1.0,0.9768888888888889,1.0,0.9768888888888889,1.0,1.0,0,0
drayage-25-23,4,0,8.7,11.64,8.7,11.64,2,2,,,ok,ok,1.0,1.303092783505155,1.0,1.303092783505155,1.0,1.0,0,0
eil33-2,0,0,88.16,113.99,88.16,113.99,1285,1029,,,ok,ok,1.0,1.2897039030955586,1.0,1.2897039030955586,1.0,0.8151624548736462,0,0
eil33-2,1,0,97.03,121.92,97.03,121.92,2008,2008,,,ok,ok,1.0,1.2539018667754769,1.0,1.2539018667754769,1.0,1.0,0,0
eil33-2,2,0,107.38,112.54,107.38,112.54,1217,1049,,,ok,ok,1.0,1.047610260195608,1.0,1.047610260195608,1.0,0.8724373576309795,0,0
eil33-2,3,0,86.73,90.64,86.73,90.64,1285,1029,,,ok,ok,1.0,1.0445685626353585,1.0,1.0445685626353585,1.0,0.8151624548736462,0,0
eil33-2,4,0,105.12,104.57,105.12,104.57,2526,2526,,,ok,ok,1.0,0.9948171880889558,1.0,0.9948171880889558,1.0,1.0,0,0
ex10,0,0,125.32,127.63,125.32,127.63,0,0,,,ok,ok,1.0,1.0182868904369855,1.0,1.0182868904369855,1.0,1.0,0,0
ex10,1,0,127.49,127.64,127.49,127.64,0,0,,,ok,ok,1.0,1.001167406023815,1.0,1.001167406023815,1.0,1.0,0,0
ex10,2,0,126.34,131.92,126.34,131.92,0,0,,,ok,ok,1.0,1.0438196953039107,1.0,1.0438196953039107,1.0,1.0,0,0
ex10,3,0,127.54,125.1,127.54,125.1,0,0,,,ok,ok,1.0,0.9810175820756183,1.0,0.9810175820756183,1.0,1.0,0,0
ex10,4,0,130.93,123.52,130.93,123.52,0,0,,,ok,ok,1.0,0.9438338512847722,1.0,0.9438338512847722,1.0,1.0,0,0
ex9,0,0,11.44,11.92,11.44,11.92,0,0,,,ok,ok,1.0,1.0385852090032155,1.0,1.0385852090032155,1.0,1.0,0,0
ex9,1,0,11.18,11.85,11.18,11.85,0,0,,,ok,ok,1.0,1.055008210180624,1.0,1.055008210180624,1.0,1.0,0,0
ex9,2,0,12.27,11.81,12.27,11.81,0,0,,,ok,ok,1.0,0.9653353428786737,1.0,0.9653353428786737,1.0,1.0,0,0
ex9,3,0,13.44,13.27,13.44,13.27,0,0,,,ok,ok,1.0,0.9882271468144045,1.0,0.9882271468144045,1.0,1.0,0,0
ex9,4,0,12.36,12.45,12.36,12.45,0,0,,,ok,ok,1.0,1.0067365269461077,1.0,1.0067365269461077,1.0,1.0,0,0
fast0507,0,0,201.32,202.08,201.32,202.08,612,612,,,ok,ok,1.0,1.0037564254646105,1.0,1.0037564254646105,1.0,1.0,0,0
fast0507,1,0,256.48,255.3,256.48,255.3,629,629,,,ok,ok,1.0,0.9954171197762933,1.0,0.9954171197762933,1.0,1.0,0,0
fast0507,2,0,131.44,156.66,131.44,156.66,481,481,,,ok,ok,1.0,1.1904258532165508,1.0,1.1904258532165508,1.0,1.0,0,0
fast0507,3,0,160.6,161.55,160.6,161.55,420,420,,,ok,ok,1.0,1.0058787128712872,1.0,1.0058787128712872,1.0,1.0,0,0
fast0507,4,0,326.77,329.26,326.77,329.26,764,764,,,ok,ok,1.0,1.0075967904323153,1.0,1.0075967904323153,1.0,1.0,0,0
fastxgemm-n2r6s0t2,0,0,867.31,1163.81,867.31,1163.81,116834,145444,,,ok,ok,1.0,1.3414679089265356,1.0,1.3414679089265356,1.0,1.2446679323379,0,0
fastxgemm-n2r6s0t2,1,0,1858.87,946.78,1858.87,946.78,248871,112365,,,ok,ok,1.0,0.5095947566227748,1.0,0.5095947566227748,1.0,0.4517192765422479,0,0
fastxgemm-n2r6s0t2,2,0,619.4,609.3,619.4,609.3,74124,86372,,,ok,ok,1.0,0.9837201805286911,1.0,0.9837201805286911,1.0,1.1650140116404397,0,0
fastxgemm-n2r6s0t2,3,0,1080.1,660.65,1080.1,660.65,131150,99112,,,ok,ok,1.0,0.6120155397280548,1.0,0.6120155397280548,1.0,0.7559009523809523,0,0
fastxgemm-n2r6s0t2,4,0,1247.42,923.88,1247.42,923.88,149084,160455,,,ok,ok,1.0,0.7408404222937793,1.0,0.7408404222937793,1.0,1.0762213105963105,0,0
fhnw-binpack4-4,0,0,961.54,737.51,961.54,737.51,1129294,687806,,,ok,ok,1.0,0.7672512311176679,1.0,0.7672512311176679,1.0,0.609093018025596,0,0
fhnw-binpack4-4,1,0,1096.07,658.65,1096.07,658.65,1220592,656492,,,ok,ok,1.0,0.6012834185603472,1.0,0.6012834185603472,1.0,0.53788506846936,0,0
fhnw-binpack4-4,2,0,932.65,466.02,932.65,466.02,949481,478527,,,ok,ok,1.0,0.5002088577089916,1.0,0.5002088577089916,1.0,0.5040402029947946,0,0
fhnw-binpack4-4,3,0,956.19,1001.36,956.19,1001.36,1077800,986930,,,ok,ok,1.0,1.0471902130193587,1.0,1.0471902130193587,1.0,0.9156971889785694,0,0
fhnw-binpack4-4,4,0,1711.43,544.36,1711.43,544.36,2236834,568270,,,ok,ok,1.0,0.3184714119701243,1.0,0.3184714119701243,1.0,0.2540843851450244,0,0
fiball,0,0,407.63,361.67,407.63,361.67,3048,5249,,,ok,ok,1.0,0.8875266133176712,1.0,0.8875266133176712,1.0,1.699174078780178,0,0
fiball,1,0,442.39,143.85,442.39,143.85,7517,991,,,ok,ok,1.0,0.3266875662509303,1.0,0.3266875662509303,1.0,0.1432322436654851,0,0
fiball,2,0,522.58,2198.63,522.58,2198.63,11333,20728,,,ok,ok,1.0,4.2011344971160085,1.0,4.2011344971160085,1.0,1.8217440741712587,0,0
fiball,3,0,1917.18,471.17,1917.18,471.17,16885,8613,,,ok,ok,1.0,0.24615520962579113,1.0,0.24615520962579113,1.0,0.5129820429790992,0,0
fiball,4,0,154.29,640.29,154.29,640.29,923,11316,,,ok,ok,1.0,4.129628437117651,1.0,4.129628437117651,1.0,11.159335288367547,0,0
gen-ip002,0,0,2351.06,2325.04,2351.06,2325.04,5453901,5484116,,,ok,ok,1.0,0.9889373570402116,1.0,0.9889373570402116,1.0,1.0055399696479703,0,0
gen-ip002,1,0,2050.48,2034.86,2050.48,2034.86,4926620,4763694,,,ok,ok,1.0,0.9923859847524713,1.0,0.9923859847524713,1.0,0.9669301279553131,0,0
gen-ip002,2,0,2169.99,2192.82,2169.99,2192.82,5162120,5196906,,,ok,ok,1.0,1.0105159397325645,1.0,1.0105159397325645,1.0,1.0067385737144097,0,0
gen-ip002,3,0,2482.94,2506.75,2482.94,2506.75,5785501,5897274,,,ok,ok,1.0,1.0095855777514755,1.0,1.0095855777514755,1.0,1.0193191683975442,0,0
gen-ip002,4,0,2209.1,2246.25,2209.1,2246.25,5207670,5171027,,,ok,ok,1.0,1.0168091941541106,1.0,1.0168091941541106,1.0,0.9929637829627652,0,0
gen-ip054,0,0,1790.93,2182.68,1790.93,2182.68,4492925,5374424,,,ok,ok,1.0,1.2186190308773222,1.0,1.2186190308773222,1.0,1.196192765453119,0,0
gen-ip054,1,0,1606.38,1600.96,1606.38,1600.96,4013745,4004948,,,ok,ok,1.0,0.9966280531050529,1.0,0.9966280531050529,1.0,0.9978083358973752,0,0
gen-ip054,2,0,1268.87,1639.51,1268.87,1639.51,3877912,4070333,,,ok,ok,1.0,1.2918723963870318,1.0,1.2918723963870318,1.0,1.0496184643059383,0,0
gen-ip054,3,0,2046.45,2035.18,2046.45,2035.18,4996082,4966467,,,ok,ok,1.0,0.9944955920779507,1.0,0.9944955920779507,1.0,0.9940724737409485,0,0
gen-ip054,4,0,1752.38,1783.42,1752.38,1783.42,4446925,4413836,,,ok,ok,1.0,1.01770295087203,1.0,1.01770295087203,1.0,0.9925592952591902,0,0
glass-sc,0,0,5325.3,5176.94,5325.3,5176.94,242256,230983,,,ok,ok,1.0,0.9721457672305351,1.0,0.9721457672305351,1.0,0.9534857812474211,0,0
glass-sc,1,0,5726.03,5327.96,5726.03,5327.96,261227,239417,,,ok,ok,1.0,0.9304927685030461,1.0,0.9304927685030461,1.0,0.9165413447519775,0,0
glass-sc,2,0,5706.99,5346.1,5706.99,5346.1,259113,241895,,,ok,ok,1.0,0.9367745914060818,1.0,0.9367745914060818,1.0,0.93357586232172,0,0
glass-sc,3,0,5738.45,5363.22,5738.45,5363.22,261168,243294,,,ok,ok,1.0,0.9346226554809259,1.0,0.9346226554809259,1.0,0.931587488708912,0,0
glass-sc,4,0,3133.49,5253.71,3133.49,5253.71,250056,235363,,,ok,ok,1.0,1.676416259104352,1.0,1.676416259104352,1.0,0.9412646508578647,0,0
glass4,0,0,418.9,1039.85,418.9,1039.85,167369,491355,,,ok,ok,1.0,2.4788044772564897,1.0,2.4788044772564897,1.0,2.9346028220148206,0,0
glass4,1,0,857.24,455.64,857.24,455.64,220405,134927,,,ok,ok,1.0,0.5320656226696495,1.0,0.5320656226696495,1.0,0.612353461372758,0,0
glass4,2,0,1131.3,425.91,1131.3,425.91,656563,211299,,,ok,ok,1.0,0.37702905590391245,1.0,0.37702905590391245,1.0,0.3219292087417747,0,0
glass4,3,0,1537.23,1241.09,1537.23,1241.09,846722,598518,,,ok,ok,1.0,0.8074800257438743,1.0,0.8074800257438743,1.0,0.7068994428581213,0,0
glass4,4,0,236.4,496.21,236.4,496.21,59631,139634,,,ok,ok,1.0,2.094397641112047,1.0,2.094397641112047,1.0,2.3393882573538027,0,0
graph20-20-1rand,1,0,12.42,8.46,12.42,8.46,534,471,,,ok,ok,1.0,0.7049180327868854,1.0,0.7049180327868854,1.0,0.9006309148264984,0,0
graph20-20-1rand,3,0,16.24,15.94,16.24,15.94,595,319,,,ok,ok,1.0,0.9825986078886311,1.0,0.9825986078886311,1.0,0.6028776978417266,0,0
graph20-20-1rand,4,0,7.11,10.66,7.11,10.66,212,377,,,ok,ok,1.0,1.437731196054254,1.0,1.437731196054254,1.0,1.5288461538461537,0,0
graphdraw-domain,0,0,2047.45,1128.08,2047.45,1128.08,2462573,1286376,,,ok,ok,1.0,0.5511874832190192,1.0,0.5511874832190192,1.0,0.5223901021369869,0,0
graphdraw-domain,1,0,1479.15,718.17,1479.15,718.17,1592177,819950,,,ok,ok,1.0,0.4858764314427591,1.0,0.4858764314427591,1.0,0.5150171735194317,0,0
graphdraw-domain,2,0,603.39,613.82,603.39,613.82,680257,864414,,,ok,ok,1.0,1.0172570691110046,1.0,1.0172570691110046,1.0,1.2706770122156457,0,0
graphdraw-domain,3,0,705.97,890.68,705.97,890.68,747167,940499,,,ok,ok,1.0,1.2612699265881153,1.0,1.2612699265881153,1.0,1.258718771202261,0,0
graphdraw-domain,4,0,1659.69,880.29,1659.69,880.29,1816067,978699,,,ok,ok,1.0,0.5306770077497908,1.0,0.5306770077497908,1.0,0.5389366726738235,0,0
h80x6320d,0,0,157.61,144.73,157.61,144.73,72,66,,,ok,ok,1.0,0.9187945274572851,1.0,0.9187945274572851,1.0,0.9651162790697675,0,0
h80x6320d,1,0,179.44,183.75,179.44,183.75,6,6,,,ok,ok,1.0,1.0238860563068055,1.0,1.0238860563068055,1.0,1.0,0,0
h80x6320d,2,0,124.18,118.29,124.18,118.29,7,7,,,ok,ok,1.0,0.9529477552324652,1.0,0.9529477552324652,1.0,1.0,0,0
h80x6320d,3,0,119.01,117.5,119.01,117.5,5,5,,,ok,ok,1.0,0.9874177151904008,1.0,0.9874177151904008,1.0,1.0,0,0
h80x6320d,4,0,130.59,145.19,130.59,145.19,17,19,,,ok,ok,1.0,1.110950680142868,1.0,1.110950680142868,1.0,1.017094017094017,0,0
hypothyroid-k1,0,0,31.18,30.99,31.18,30.99,1,1,,,ok,ok,1.0,0.9940957116221255,1.0,0.9940957116221255,1.0,1.0,0,0
hypothyroid-k1,1,0,30.95,30.82,30.95,30.82,1,1,,,ok,ok,1.0,0.9959311424100157,1.0,0.9959311424100157,1.0,1.0,0,0
hypothyroid-k1,2,0,19.86,30.87,19.86,30.87,1,1,,,ok,ok,1.0,1.5278044103547461,1.0,1.5278044103547461,1.0,1.0,0,0
hypothyroid-k1,3,0,19.78,30.75,19.78,30.75,1,1,,,ok,ok,1.0,1.5279114533205005,1.0,1.5279114533205005,1.0,1.0,0,0
hypothyroid-k1,4,0,30.93,19.65,30.93,19.65,1,1,,,ok,ok,1.0,0.6467272157845286,1.0,0.6467272157845286,1.0,1.0,0,0
icir97_tension,1,0,7200.0,4731.33,7200.0,4731.33,1561372,849674,,,timelimit,ok,1.0,0.6571767810026385,1.0,0.6571767810026385,1.0,0.5442134088859742,0,0
icir97_tension,2,0,6804.86,7200.0,6804.86,7200.0,1291649,2135937,,,ok,timelimit,1.0,1.0580587905128815,1.0,1.0580587905128815,1.0,1.6536006608094915,0,0
icir97_tension,3,0,4953.44,7122.52,4953.44,7122.52,1148872,1515125,,,ok,ok,1.0,1.4378052817270974,1.0,1.4378052817270974,1.0,1.318765818488179,0,0
icir97_tension,4,0,2546.04,7200.0,2546.04,7200.0,706372,1635864,,,ok,timelimit,1.0,2.8272033419184623,1.0,2.8272033419184623,1.0,2.3156813008866592,0,0
irp,0,0,21.03,20.7,21.03,20.7,7,7,,,ok,ok,1.0,0.985020426690876,1.0,0.985020426690876,1.0,1.0,0,0
irp,1,0,21.05,21.41,21.05,21.41,6,7,,,ok,ok,1.0,1.0163265306122449,1.0,1.0163265306122449,1.0,1.009433962264151,0,0
irp,2,0,25.17,25.18,25.17,25.18,7,7,,,ok,ok,1.0,1.0003821169277798,1.0,1.0003821169277798,1.0,1.0,0,0
irp,3,0,21.93,20.99,21.93,20.99,7,7,,,ok,ok,1.0,0.959005669428696,1.0,0.959005669428696,1.0,1.0,0,0
irp,4,0,18.83,19.08,18.83,19.08,4,4,,,ok,ok,1.0,1.0126071608673726,1.0,1.0126071608673726,1.0,1.0,0,0
istanbul-no-cutoff,0,0,97.31,96.63,97.31,96.63,241,241,,,ok,ok,1.0,0.9930831044654663,1.0,0.9930831044654663,1.0,1.0,0,0
istanbul-no-cutoff,1,0,115.5,116.28,115.5,116.28,301,301,,,ok,ok,1.0,1.006695278969957,1.0,1.006695278969957,1.0,1.0,0,0
istanbul-no-cutoff,2,0,114.87,113.78,114.87,113.78,335,335,,,ok,ok,1.0,0.9905929058427548,1.0,0.9905929058427548,1.0,1.0,0,0
istanbul-no-cutoff,3,0,118.03,118.29,118.03,118.29,345,345,,,ok,ok,1.0,1.0021843232798455,1.0,1.0021843232798455,1.0,1.0,0,0
istanbul-no-cutoff,4,0,164.02,163.41,164.02,163.41,473,473,,,ok,ok,1.0,0.9963034783662585,1.0,0.9963034783662585,1.0,1.0,0,0
k1mushroom,0,0,1489.68,1516.23,1489.68,1516.23,3,2,,,ok,ok,1.0,1.017810663589771,1.0,1.017810663589771,1.0,0.9902912621359223,0,0
k1mushroom,1,0,1295.59,1262.6,1295.59,1262.6,1,2,,,ok,ok,1.0,0.9745563362358186,1.0,0.9745563362358186,1.0,1.00990099009901,0,0
k1mushroom,2,0,1349.7,1562.12,1349.7,1562.12,1,5,,,ok,ok,1.0,1.157266602502406,1.0,1.157266602502406,1.0,1.0396039603960396,0,0
k1mushroom,3,0,1396.58,1453.49,1396.58,1453.49,2,2,,,ok,ok,1.0,1.0407203880994291,1.0,1.0407203880994291,1.0,1.0,0,0
k1mushroom,4,0,1359.61,1377.51,1359.61,1377.51,2,1,,,ok,ok,1.0,1.01315586391398,1.0,1.01315586391398,1.0,0.9901960784313726,0,0
map10,0,0,908.28,911.49,908.28,911.49,1217,1217,,,ok,ok,1.0,1.0035302657047334,1.0,1.0035302657047334,1.0,1.0,0,0
map10,1,0,712.09,715.07,712.09,715.07,945,945,,,ok,ok,1.0,1.0041789956386993,1.0,1.0041789956386993,1.0,1.0,0,0
map10,2,0,885.73,881.45,885.73,881.45,1311,1311,,,ok,ok,1.0,0.9951732770967487,1.0,0.9951732770967487,1.0,1.0,0,0
map10,3,0,1032.26,1036.25,1032.26,1036.25,1721,1721,,,ok,ok,1.0,1.0038615643690842,1.0,1.0038615643690842,1.0,1.0,0,0
map10,4,0,967.45,966.3,967.45,966.3,1285,1285,,,ok,ok,1.0,0.9988125354948628,1.0,0.9988125354948628,1.0,1.0,0,0
map16715-04,0,0,1770.82,1802.37,1770.82,1802.37,1670,1680,,,ok,ok,1.0,1.0178065491979997,1.0,1.0178065491979997,1.0,1.0056497175141244,0,0
map16715-04,1,0,1806.31,1797.52,1806.31,1797.52,1695,1695,,,ok,ok,1.0,0.9951364182127028,1.0,0.9951364182127028,1.0,1.0,0,0
map16715-04,2,0,1803.4,1807.91,1803.4,1807.91,1711,1711,,,ok,ok,1.0,1.0024994457991576,1.0,1.0024994457991576,1.0,1.0,0,0
map16715-04,3,0,1587.63,1583.86,1587.63,1583.86,1553,1553,,,ok,ok,1.0,0.997626886059057,1.0,0.997626886059057,1.0,1.0,0,0
map16715-04,4,0,1842.26,1612.08,1842.26,1612.08,1700,1700,,,ok,ok,1.0,0.8751234226316418,1.0,0.8751234226316418,1.0,1.0,0,0
markshare_4_0,0,0,446.03,531.54,446.03,531.54,1904401,2247395,,,ok,ok,1.0,1.1912847012504753,1.0,1.1912847012504753,1.0,1.1800965187206518,0,0
markshare_4_0,1,0,478.97,487.13,478.97,487.13,2007468,2076352,,,ok,ok,1.0,1.0170010625664103,1.0,1.0170010625664103,1.0,1.0343121627760554,0,0
markshare_4_0,2,0,439.85,496.06,439.85,496.06,1876345,2078908,,,ok,ok,1.0,1.1275036860610184,1.0,1.1275036860610184,1.0,1.107950406220273,0,0
markshare_4_0,3,0,424.75,522.87,424.75,522.87,1805735,2170886,,,ok,ok,1.0,1.2304638872577804,1.0,1.2304638872577804,1.0,1.2022061816278895,0,0
markshare_4_0,4,0,355.57,499.42,355.57,499.42,1849111,2134078,,,ok,ok,1.0,1.4034270970636902,1.0,1.4034270970636902,1.0,1.154101938610575,0,0
mas74,0,0,3275.45,2991.18,3275.45,2991.18,7476416,6767183,,,ok,ok,1.0,0.9132384135268354,1.0,0.9132384135268354,1.0,0.9051385698900397,0,0
mas74,1,0,2647.99,2679.85,2647.99,2679.85,6257531,7325416,,,ok,ok,1.0,1.0120272254708398,1.0,1.0120272254708398,1.0,1.1706532392210407,0,0
mas74,2,0,3276.68,3385.11,3276.68,3385.11,7315625,7518086,,,ok,ok,1.0,1.0330813258158211,1.0,1.0330813258158211,1.0,1.0276747690762023,0,0
mas74,3,0,3037.35,2489.0,3037.35,2489.0,6787525,5457483,,,ok,ok,1.0,0.8195237546694752,1.0,0.8195237546694752,1.0,0.8040489862065155,0,0
mas74,4,0,3049.31,3338.77,3049.31,3338.77,6647421,7102910,,,ok,ok,1.0,1.0948952729394716,1.0,1.0948952729394716,1.0,1.0685201295340023,0,0
mas76,0,0,165.46,169.23,165.46,169.23,250221,257482,,,ok,ok,1.0,1.0226480836236933,1.0,1.0226480836236933,1.0,1.0290067553261613,0,0
mas76,1,0,169.63,138.26,169.63,138.26,253591,245319,,,ok,ok,1.0,0.8161519076364062,1.0,0.8161519076364062,1.0,0.9673934037864962,0,0
mas76,2,0,170.4,140.18,170.4,140.18,218031,165608,,,ok,ok,1.0,0.8236872812135356,1.0,0.8236872812135356,1.0,0.7596719402560846,0,0
mas76,3,0,173.43,157.83,173.43,157.83,258721,212210,,,ok,ok,1.0,0.9105658430315886,1.0,0.9105658430315886,1.0,0.8202966528991079,0,0
mas76,4,0,171.47,149.58,171.47,149.58,257409,196430,,,ok,ok,1.0,0.8730793761233838,1.0,0.8730793761233838,1.0,0.7631966261373389,0,0
mc11,0,0,37.75,28.99,37.75,28.99,5,4,,,ok,ok,1.0,0.7739354838709677,1.0,0.7739354838709677,1.0,0.9904761904761905,0,0
mc11,1,0,27.82,29.53,27.82,29.53,4,5,,,ok,ok,1.0,1.0593337959750173,1.0,1.0593337959750173,1.0,1.0096153846153846,0,0
mc11,2,0,26.69,28.3,26.69,28.3,3,4,,,ok,ok,1.0,1.0581437342000721,1.0,1.0581437342000721,1.0,1.0097087378640777,0,0
mc11,3,0,20.08,16.68,20.08,16.68,2,2,,,ok,ok,1.0,0.8387096774193549,1.0,0.8387096774193549,1.0,1.0,0,0
mc11,4,0,58.77,61.6,58.77,61.6,355,312,,,ok,ok,1.0,1.047348167977246,1.0,1.047348167977246,1.0,0.9054945054945055,0,0
mcsched,0,0,408.72,183.82,408.72,183.82,9535,5029,,,ok,ok,1.0,0.45108854827687195,1.0,0.45108854827687195,1.0,0.5323300467047224,0,0
mcsched,1,0,276.29,291.15,276.29,291.15,6616,5665,,,ok,ok,1.0,1.0535901042230154,1.0,1.0535901042230154,1.0,0.8583978558665872,0,0
mcsched,2,0,419.41,255.56,419.41,255.56,9438,5552,,,ok,ok,1.0,0.6102614114792702,1.0,0.6102614114792702,1.0,0.5925770601803313,0,0
mcsched,3,0,261.71,304.56,261.71,304.56,5376,5962,,,ok,ok,1.0,1.1631076091507748,1.0,1.1631076091507748,1.0,1.1070124178232286,0,0
mcsched,4,0,460.59,302.13,460.59,302.13,10318,6069,,,ok,ok,1.0,0.6567083342360104,1.0,0.6567083342360104,1.0,0.5921482050297562,0,0
mik-250-20-75-4,0,0,74.51,73.41,74.51,73.41,17927,17927,,,ok,ok,1.0,0.9854323930605217,1.0,0.9854323930605217,1.0,1.0,0,0
mik-250-20-75-4,1,0,51.17,51.23,51.17,51.23,10980,10980,,,ok,ok,1.0,1.001150086256469,1.0,1.001150086256469,1.0,1.0,0,0
mik-250-20-75-4,2,0,63.35,62.7,63.35,62.7,17315,17315,,,ok,ok,1.0,0.9898989898989901,1.0,0.9898989898989901,1.0,1.0,0,0
mik-250-20-75-4,3,0,43.99,37.85,43.99,37.85,11310,11310,,,ok,ok,1.0,0.8635252278284063,1.0,0.8635252278284063,1.0,1.0,0,0
mik-250-20-75-4,4,0,60.15,60.14,60.15,60.14,14723,14723,,,ok,ok,1.0,0.9998364677023712,1.0,0.9998364677023712,1.0,1.0,0,0
milo-v12-6-r2-40-1,1,0,6168.74,4854.91,6168.74,4854.91,266637,236442,,,ok,ok,1.0,0.787052614858973,1.0,0.787052614858973,1.0,0.8867986068674387,0,0
milo-v12-6-r2-40-1,4,0,4517.44,5820.87,4517.44,5820.87,188406,337192,,,ok,ok,1.0,1.288469029133949,1.0,1.288469029133949,1.0,1.7892905265614887,0,0
mushroom-best,0,0,7200.0,5068.26,7200.0,5068.26,292242,140290,,,timelimit,ok,1.0,0.7039661158172477,1.0,0.7039661158172477,1.0,0.48022521567205534,0,0
mushroom-best,1,0,2247.52,1970.95,2247.52,1970.95,43966,42032,,,ok,ok,1.0,0.8769990927365556,1.0,0.8769990927365556,1.0,0.9561112876140335,0,0
mushroom-best,2,0,3773.63,3001.57,3773.63,3001.57,117035,85172,,,ok,ok,1.0,0.795460747146078,1.0,0.795460747146078,1.0,0.7279805352798053,0,0
mushroom-best,3,0,5412.96,2265.18,5412.96,2265.18,178130,73279,,,ok,ok,1.0,0.41858085394055367,1.0,0.41858085394055367,1.0,0.41170958873365876,0,0
mushroom-best,4,0,2169.53,2049.67,2169.53,2049.67,53977,52080,,,ok,ok,1.0,0.9447784642460597,1.0,0.9447784642460597,1.0,0.9649203912938957,0,0
mzzv11,0,0,281.2,279.2,281.2,279.2,926,1143,,,ok,ok,1.0,0.9929128277817151,1.0,0.9929128277817151,1.0,1.2115009746588694,0,0
mzzv11,1,0,302.28,725.77,302.28,725.77,1497,2285,,,ok,ok,1.0,2.396366394091269,1.0,2.396366394091269,1.0,1.493425172197871,0,0
mzzv11,2,0,488.97,377.56,488.97,377.56,1728,1781,,,ok,ok,1.0,0.7726187317590872,1.0,0.7726187317590872,1.0,1.0289934354485777,0,0
mzzv11,3,0,465.27,380.49,465.27,380.49,2103,1760,,,ok,ok,1.0,0.8181740193450148,1.0,0.8181740193450148,1.0,0.8443032228778938,0,0
mzzv11,4,0,518.52,588.89,518.52,588.89,2008,1584,,,ok,ok,1.0,1.1354519556513705,1.0,1.1354519556513705,1.0,0.7988614800759013,0,0
mzzv42z,0,0,326.38,441.45,326.38,441.45,765,1584,,,ok,ok,1.0,1.351487567963834,1.0,1.351487567963834,1.0,1.9468208092485548,0,0
mzzv42z,1,0,322.73,321.83,322.73,321.83,757,601,,,ok,ok,1.0,0.9972199054767861,1.0,0.9972199054767861,1.0,0.8179696616102684,0,0
mzzv42z,2,0,236.88,308.7,236.88,308.7,796,481,,,ok,ok,1.0,1.3019169329073481,1.0,1.3019169329073481,1.0,0.6484375,0,0
mzzv42z,3,0,280.9,283.35,280.9,283.35,1088,763,,,ok,ok,1.0,1.0086910251862364,1.0,1.0086910251862364,1.0,0.7264309764309764,0,0
mzzv42z,4,0,289.61,253.45,289.61,253.45,713,1262,,,ok,ok,1.0,0.8755720725370771,1.0,0.8755720725370771,1.0,1.6752767527675276,0,0
n2seq36q,0,0,711.97,186.36,711.97,186.36,1041,698,,,ok,ok,1.0,0.2627880555984123,1.0,0.2627880555984123,1.0,0.6993865030674846,0,0
n2seq36q,1,0,173.18,207.25,173.18,207.25,228,184,,,ok,ok,1.0,1.1956022505454127,1.0,1.1956022505454127,1.0,0.8658536585365854,0,0
n2seq36q,2,0,235.57,476.43,235.57,476.43,526,468,,,ok,ok,1.0,2.0181341674768567,1.0,2.0181341674768567,1.0,0.9073482428115016,0,0
n2seq36q,3,0,158.12,224.96,158.12,224.96,185,512,,,ok,ok,1.0,1.4200603318250378,1.0,1.4200603318250378,1.0,2.1473684210526316,0,0
n2seq36q,4,0,186.59,306.05,186.59,306.05,310,1360,,,ok,ok,1.0,1.6368143291220214,1.0,1.6368143291220214,1.0,3.5609756097560976,0,0
n5-3,0,0,71.73,71.87,71.73,71.87,1874,1874,,,ok,ok,1.0,1.001924927815207,1.0,1.001924927815207,1.0,1.0,0,0
n5-3,1,0,40.0,39.89,40.0,39.89,869,869,,,ok,ok,1.0,0.9973170731707317,1.0,0.9973170731707317,1.0,1.0,0,0
n5-3,2,0,35.81,36.01,35.81,36.01,576,576,,,ok,ok,1.0,1.0054333061668024,1.0,1.0054333061668024,1.0,1.0,0,0
n5-3,3,0,48.12,47.89,48.12,47.89,1197,1197,,,ok,ok,1.0,0.9953175895765473,1.0,0.9953175895765473,1.0,1.0,0,0
n5-3,4,0,41.12,41.37,41.12,41.37,1057,1057,,,ok,ok,1.0,1.0059354226020893,1.0,1.0059354226020893,1.0,1.0,0,0
neos-1122047,0,0,24.01,23.69,24.01,23.69,1,1,,,ok,ok,1.0,0.9872051179528188,1.0,0.9872051179528188,1.0,1.0,0,0
neos-1122047,1,0,23.48,23.7,23.48,23.7,1,1,,,ok,ok,1.0,1.0089869281045751,1.0,1.0089869281045751,1.0,1.0,0,0
neos-1122047,2,0,23.78,23.41,23.78,23.41,1,1,,,ok,ok,1.0,0.9850686037126715,1.0,0.9850686037126715,1.0,1.0,0,0
neos-1122047,3,0,23.48,23.83,23.48,23.83,1,1,,,ok,ok,1.0,1.014297385620915,1.0,1.014297385620915,1.0,1.0,0,0
neos-1122047,4,0,23.67,23.45,23.67,23.45,1,1,,,ok,ok,1.0,0.9910822861775435,1.0,0.9910822861775435,1.0,1.0,0,0
neos-1171448,0,0,14.64,14.74,14.64,14.74,1,1,,,ok,ok,1.0,1.0063938618925832,1.0,1.0063938618925832,1.0,1.0,0,0
neos-1171448,1,0,1357.8,1375.74,1357.8,1375.74,201,201,,,ok,ok,1.0,1.0132028260229615,1.0,1.0132028260229615,1.0,1.0,0,0
neos-1171448,4,0,13.45,13.41,13.45,13.41,1,1,,,ok,ok,1.0,0.9972318339100347,1.0,0.9972318339100347,1.0,1.0,0,0
neos-1445765,0,0,38.48,38.46,38.48,38.46,179,179,,,ok,ok,1.0,0.9994934143870315,1.0,0.9994934143870315,1.0,1.0,0,0
neos-1445765,1,0,45.84,45.53,45.84,45.53,221,221,,,ok,ok,1.0,0.9933817250213492,1.0,0.9933817250213492,1.0,1.0,0,0
neos-1445765,2,0,41.67,44.19,41.67,44.19,227,194,,,ok,ok,1.0,1.059057886102648,1.0,1.059057886102648,1.0,0.8990825688073395,0,0
neos-1445765,3,0,38.6,38.09,38.6,38.09,123,123,,,ok,ok,1.0,0.9871212121212122,1.0,0.9871212121212122,1.0,1.0,0,0
neos-1445765,4,0,35.52,36.01,35.52,36.01,103,103,,,ok,ok,1.0,1.01341730558598,1.0,1.01341730558598,1.0,1.0,0,0
neos-1456979,0,0,6927.21,7200.0,6927.21,7200.0,12426,12624,,,ok,timelimit,1.0,1.0393738065099065,1.0,1.0393738065099065,1.0,1.0158071211879292,0,0
neos-1456979,1,0,7200.0,1808.43,7200.0,1808.43,15527,15131,,,timelimit,ok,1.0,0.2512748229412582,1.0,0.2512748229412582,1.0,0.974659243616817,0,0
neos-1456979,2,0,7200.0,5328.86,7200.0,5328.86,12707,7518,,,timelimit,ok,1.0,0.7401555339536176,1.0,0.7401555339536176,1.0,0.5948309518232217,0,0
neos-1456979,3,0,6697.46,4641.62,6697.46,4641.62,11721,7295,,,ok,ok,1.0,0.6930876649259681,1.0,0.6930876649259681,1.0,0.6255815920818881,0,0
neos-1456979,4,0,7200.0,4908.58,7200.0,4908.58,11087,8277,,,timelimit,ok,1.0,0.6817914178586307,1.0,0.6817914178586307,1.0,0.7488155895235541,0,0
neos-1582420,0,0,23.83,32.38,23.83,32.38,43,232,,,ok,ok,1.0,1.3443415223519937,1.0,1.3443415223519937,1.0,2.3216783216783217,0,0
neos-1582420,1,0,11.89,19.29,11.89,19.29,4,14,,,ok,ok,1.0,1.5740884406516678,1.0,1.5740884406516678,1.0,1.0961538461538463,0,0
neos-1582420,2,0,29.88,48.7,29.88,48.7,31,617,,,ok,ok,1.0,1.609455958549223,1.0,1.609455958549223,1.0,5.473282442748092,0,0
neos-1582420,3,0,50.66,51.99,50.66,51.99,891,776,,,ok,ok,1.0,1.0257452574525747,1.0,1.0257452574525747,1.0,0.8839556004036327,0,0
neos-1582420,4,0,61.79,27.29,61.79,27.29,543,84,,,ok,ok,1.0,0.45054945054945056,1.0,0.45054945054945056,1.0,0.28615863141524106,0,0
neos-2075418-temuka,3,0,5897.37,5898.0,5897.37,5898.0,1,1,,,ok,ok,1.0,1.0001068091693128,1.0,1.0001068091693128,1.0,1.0,0,0
neos-2987310-joes,0,0,26.22,26.08,26.22,26.08,1,1,,,ok,ok,1.0,0.9948567229977957,1.0,0.9948567229977957,1.0,1.0,0,0
neos-2987310-joes,1,0,23.97,24.0,23.97,24.0,1,1,,,ok,ok,1.0,1.001201441730076,1.0,1.001201441730076,1.0,1.0,0,0
neos-2987310-joes,2,0,21.44,21.38,21.44,21.38,1,1,,,ok,ok,1.0,0.997326203208556,1.0,0.997326203208556,1.0,1.0,0,0
neos-2987310-joes,3,0,37.96,37.79,37.96,37.79,1,1,,,ok,ok,1.0,0.9956365503080081,1.0,0.9956365503080081,1.0,1.0,0,0
neos-2987310-joes,4,0,28.0,28.07,28.0,28.07,1,1,,,ok,ok,1.0,1.0024137931034482,1.0,1.0024137931034482,1.0,1.0,0,0
neos-3004026-krka,0,0,7200.0,242.19,7200.0,242.19,868066,5954,,,timelimit,ok,1.0,0.033771698375225666,1.0,0.033771698375225666,1.0,0.0069733207704517335,0,0
neos-3004026-krka,1,0,7200.0,134.03,7200.0,134.03,547504,6553,,,timelimit,ok,1.0,0.01875156228301625,1.0,0.01875156228301625,1.0,0.012149290363109109,0,0
neos-3004026-krka,2,0,7200.0,437.68,7200.0,437.68,421242,13889,,,timelimit,ok,1.0,0.06091931676156089,1.0,0.06091931676156089,1.0,0.03320105757318283,0,0
neos-3004026-krka,3,0,210.48,411.76,210.48,411.76,6120,15974,,,ok,ok,1.0,1.9517684887459807,1.0,1.9517684887459807,1.0,2.5842443729903537,0,0
neos-3004026-krka,4,0,7200.0,225.11,7200.0,225.11,763275,6275,,,timelimit,ok,1.0,0.03139980558255798,1.0,0.03139980558255798,1.0,0.00835107253970853,0,0
neos-3024952-loue,4,0,7200.0,3212.5,7200.0,3212.5,343081,65273,,,timelimit,ok,1.0,0.44625746424107765,1.0,0.44625746424107765,1.0,0.19049131507863198,0,0
neos-3083819-nubu,0,0,21.92,19.57,21.92,19.57,1385,1163,,,ok,ok,1.0,0.8974694589877835,1.0,0.8974694589877835,1.0,0.8505050505050505,0,0
neos-3083819-nubu,1,0,18.88,17.07,18.88,17.07,1223,1129,,,ok,ok,1.0,0.9089537223340041,1.0,0.9089537223340041,1.0,0.9289493575207861,0,0
neos-3083819-nubu,2,0,31.34,17.8,31.34,17.8,1995,1569,,,ok,ok,1.0,0.5813234384662955,1.0,0.5813234384662955,1.0,0.7966587112171838,0,0
neos-3083819-nubu,3,0,15.39,18.5,15.39,18.5,897,1072,,,ok,ok,1.0,1.1897498474679682,1.0,1.1897498474679682,1.0,1.1755265797392176,0,0
neos-3083819-nubu,4,0,33.56,31.83,33.56,31.83,3424,2935,,,ok,ok,1.0,0.9499421296296295,1.0,0.9499421296296295,1.0,0.8612372304199774,0,0
neos-3216931-puriri,0,0,6340.56,7200.0,6340.56,7200.0,2667,1887,,,ok,timelimit,1.0,1.1355250127728822,1.0,1.1355250127728822,1.0,0.718106252258764,0,0
neos-3216931-puriri,1,0,6876.73,5563.52,6876.73,5563.52,4760,3000,,,ok,ok,1.0,0.8090634555296589,1.0,0.8090634555296589,1.0,0.6378600823045267,0,0
neos-3216931-puriri,3,0,5606.68,7200.0,5606.68,7200.0,2992,2403,,,ok,timelimit,1.0,1.2841317621547592,1.0,1.2841317621547592,1.0,0.8095084087968952,0,0
neos-3216931-puriri,4,0,7200.0,3777.85,7200.0,3777.85,3378,1788,,,timelimit,ok,1.0,0.5247673934175808,1.0,0.5247673934175808,1.0,0.542840713053479,0,0
neos-3402294-bobin,0,0,496.42,1108.49,496.42,1108.49,850,2466,,,ok,ok,1.0,2.2304893249165696,1.0,2.2304893249165696,1.0,2.701052631578947,0,0
neos-3402294-bobin,1,0,663.65,517.41,663.65,517.41,1537,1048,,,ok,ok,1.0,0.7799744226284511,1.0,0.7799744226284511,1.0,0.7012828344532682,0,0
neos-3402294-bobin,2,0,805.19,518.11,805.19,518.11,2476,967,,,ok,ok,1.0,0.6439052828737643,1.0,0.6439052828737643,1.0,0.4142080745341615,0,0
neos-3402294-bobin,3,0,487.92,2355.0,487.92,2355.0,1002,11396,,,ok,ok,1.0,4.818784259183507,1.0,4.818784259183507,1.0,10.431941923774955,0,0
neos-3402294-bobin,4,0,482.3,1426.39,482.3,1426.39,923,4908,,,ok,ok,1.0,2.9534243740947654,1.0,2.9534243740947654,1.0,4.895405669599218,0,0
neos-3627168-kasai,0,0,618.89,330.02,618.89,330.02,247215,97795,,,ok,ok,1.0,0.5339979673813096,1.0,0.5339979673813096,1.0,0.3958312273820836,0,0
neos-3627168-kasai,1,0,751.87,365.48,751.87,365.48,201865,86440,,,ok,ok,1.0,0.48677726566339474,1.0,0.48677726566339474,1.0,0.42849008491570323,0,0
neos-3627168-kasai,2,0,419.11,530.66,419.11,530.66,96203,115199,,,ok,ok,1.0,1.265525695651139,1.0,1.265525695651139,1.0,1.197252422042927,0,0
neos-3627168-kasai,3,0,496.61,354.45,496.61,354.45,179188,113745,,,ok,ok,1.0,0.7143144229416611,1.0,0.7143144229416611,1.0,0.6349839364597742,0,0
neos-3627168-kasai,4,0,385.11,411.04,385.11,411.04,140115,146377,,,ok,ok,1.0,1.067157027790008,1.0,1.067157027790008,1.0,1.0446599864493813,0,0
neos-4413714-turia,0,0,386.2,476.48,386.2,476.48,3,4,,,ok,ok,1.0,1.2331611570247936,1.0,1.2331611570247936,1.0,1.0097087378640777,0,0
neos-4413714-turia,1,0,607.27,473.66,607.27,473.66,3,3,,,ok,ok,1.0,0.7803442550183307,1.0,0.7803442550183307,1.0,1.0,0,0
neos-4413714-turia,2,0,585.92,595.68,585.92,595.68,3,3,,,ok,ok,1.0,1.016629182852859,1.0,1.016629182852859,1.0,1.0,0,0
neos-4413714-turia,3,0,422.72,555.15,422.72,555.15,4,246,,,ok,ok,1.0,1.3125413008590576,1.0,1.3125413008590576,1.0,3.326923076923077,0,0
neos-4413714-turia,4,0,681.83,685.59,681.83,685.59,150,150,,,ok,ok,1.0,1.005506495028045,1.0,1.005506495028045,1.0,1.0,0,0
neos-4722843-widden,0,0,694.75,843.73,694.75,843.73,2170,2285,,,ok,ok,1.0,1.2141286381602587,1.0,1.2141286381602587,1.0,1.050660792951542,0,0
neos-4722843-widden,1,0,563.28,567.23,563.28,567.23,923,991,,,ok,ok,1.0,1.0070000708867939,1.0,1.0070000708867939,1.0,1.0664711632453567,0,0
neos-4722843-widden,3,0,640.94,950.31,640.94,950.31,1770,1765,,,ok,ok,1.0,1.4819297753684142,1.0,1.4819297753684142,1.0,0.9973262032085561,0,0
neos-4722843-widden,4,0,854.29,575.76,854.29,575.76,2088,1471,,,ok,ok,1.0,0.6743443744227104,1.0,0.6743443744227104,1.0,0.7180073126142597,0,0
neos-4738912-atrato,0,0,1037.48,1039.5,1037.48,1039.5,66679,75796,,,ok,ok,1.0,1.0019451506047299,1.0,1.0019451506047299,1.0,1.1365249554500667,0,0
neos-4738912-atrato,1,0,2838.19,1021.23,2838.19,1021.23,220651,70150,,,ok,ok,1.0,0.3600428291167551,1.0,0.3600428291167551,1.0,0.3182318539893364,0,0
neos-4738912-atrato,2,0,2349.34,719.13,2349.34,719.13,177576,36564,,,ok,ok,1.0,0.30639396853221235,1.0,0.30639396853221235,1.0,0.2063531371710304,0,0
neos-4738912-atrato,3,0,1441.05,985.8,1441.05,985.8,96380,78263,,,ok,ok,1.0,0.6843035955757428,1.0,0.6843035955757428,1.0,0.8122201492537313,0,0
neos-4738912-atrato,4,0,2165.61,1364.22,2165.61,1364.22,151045,87338,,,ok,ok,1.0,0.6301180184712523,1.0,0.6301180184712523,1.0,0.5785040854808297,0,0
neos-5107597-kakapo,2,0,7200.0,5819.03,7200.0,5819.03,1392913,980938,,,timelimit,ok,1.0,0.8082252464935425,1.0,0.8082252464935425,1.0,0.7042561698993477,0,0
neos-5188808-nattai,0,0,2643.15,2053.25,2643.15,2053.25,15352,11338,,,ok,ok,1.0,0.7769037308775977,1.0,0.7769037308775977,1.0,0.7402278022262491,0,0
neos-5188808-nattai,1,0,2312.27,2091.27,2312.27,2091.27,14511,11551,,,ok,ok,1.0,0.9044642432573803,1.0,0.9044642432573803,1.0,0.7974129080829512,0,0
neos-5188808-nattai,2,0,2464.96,1755.82,2464.96,1755.82,13479,10067,,,ok,ok,1.0,0.7124284254408019,1.0,0.7124284254408019,1.0,0.7487296560866044,0,0
neos-5188808-nattai,3,0,2287.75,2149.09,2287.75,2149.09,13981,12381,,,ok,ok,1.0,0.9394167121791371,1.0,0.9394167121791371,1.0,0.8863717065549321,0,0
neos-5188808-nattai,4,0,2748.41,1965.48,2748.41,1965.48,17520,9995,,,ok,ok,1.0,0.7152370872296239,1.0,0.7152370872296239,1.0,0.5729284903518729,0,0
neos-5195221-niemur,0,0,2547.84,1524.6,2547.84,1524.6,59299,29338,,,ok,ok,1.0,0.5985467899122737,1.0,0.5985467899122737,1.0,0.4955975689826428,0,0
neos-5195221-niemur,1,0,2067.58,1393.19,2067.58,1393.19,40176,20463,,,ok,ok,1.0,0.6739840857013024,1.0,0.6739840857013024,1.0,0.5105521898897607,0,0
neos-5195221-niemur,2,0,2762.34,1828.57,2762.34,1828.57,66103,39899,,,ok,ok,1.0,0.6620864605875498,1.0,0.6620864605875498,1.0,0.6041871214295425,0,0
neos-5195221-niemur,3,0,1952.56,2215.98,1952.56,2215.98,51370,61664,,,ok,ok,1.0,1.1348410082106513,1.0,1.1348410082106513,1.0,1.2,0,0
neos-5195221-niemur,4,0,1557.62,1337.77,1557.62,1337.77,44611,30856,,,ok,ok,1.0,0.858945734046785,1.0,0.858945734046785,1.0,0.6923575853816735,0,0
neos-662469,0,0,5738.29,6604.18,5738.29,6604.18,36874,41419,,,ok,ok,1.0,1.1508705780680188,1.0,1.1508705780680188,1.0,1.1229242170173634,0,0
neos-662469,1,0,6816.55,5470.15,6816.55,5470.15,40594,33659,,,ok,ok,1.0,0.8025096992321288,1.0,0.8025096992321288,1.0,0.8295817565243033,0,0
neos-662469,2,0,4147.71,6534.66,4147.71,6534.66,27059,38316,,,ok,ok,1.0,1.5753475176621166,1.0,1.5753475176621166,1.0,1.41448506940609,0,0
neos-662469,4,0,7200.0,4547.29,7200.0,4547.29,45248,20362,,,timelimit,ok,1.0,0.6316192195528398,1.0,0.6316192195528398,1.0,0.45122166357943017,0,0
neos-827175,1,0,25.22,25.49,25.22,25.49,1,1,,,ok,ok,1.0,1.0102974828375286,1.0,1.0102974828375286,1.0,1.0,0,0
neos-848589,0,0,1851.27,1865.43,1851.27,1865.43,7,7,,,ok,ok,1.0,1.0076446738326486,1.0,1.0076446738326486,1.0,1.0,0,0
neos-848589,1,0,1383.48,1606.12,1383.48,1606.12,1,1,,,ok,ok,1.0,1.1608112793250895,1.0,1.1608112793250895,1.0,1.0,0,0
neos-848589,2,0,1678.42,1684.86,1678.42,1684.86,2,2,,,ok,ok,1.0,1.0038346572030818,1.0,1.0038346572030818,1.0,1.0,0,0
neos-848589,3,0,1443.76,1426.85,1443.76,1426.85,6,6,,,ok,ok,1.0,0.9882956338769069,1.0,0.9882956338769069,1.0,1.0,0,0
neos-848589,4,0,1433.06,1429.52,1433.06,1429.52,11,11,,,ok,ok,1.0,0.9975314840383248,1.0,0.9975314840383248,1.0,1.0,0,0
neos-860300,0,0,26.98,25.16,26.98,25.16,2,2,,,ok,ok,1.0,0.9349535382416011,1.0,0.9349535382416011,1.0,1.0,0,0
neos-860300,1,0,30.74,35.82,30.74,35.82,4,5,,,ok,ok,1.0,1.16005040957782,1.0,1.16005040957782,1.0,1.0096153846153846,0,0
neos-860300,2,0,28.75,25.63,28.75,25.63,2,3,,,ok,ok,1.0,0.895126050420168,1.0,0.895126050420168,1.0,1.0098039215686274,0,0
neos-860300,3,0,30.73,44.55,30.73,44.55,3,4,,,ok,ok,1.0,1.4355499527261266,1.0,1.4355499527261266,1.0,1.0097087378640777,0,0
neos-860300,4,0,37.95,37.55,37.95,37.55,5,5,,,ok,ok,1.0,0.9897304236200255,1.0,0.9897304236200255,1.0,1.0,0,0
neos-911970,0,0,26.47,47.53,26.47,47.53,1187,1866,,,ok,ok,1.0,1.766654532216964,1.0,1.766654532216964,1.0,1.5275835275835277,0,0
neos-911970,1,0,32.87,49.92,32.87,49.92,953,1792,,,ok,ok,1.0,1.5033953351048126,1.0,1.5033953351048126,1.0,1.7967711301044635,0,0
neos-911970,2,0,31.05,64.2,31.05,64.2,368,1798,,,ok,ok,1.0,2.0343213728549143,1.0,2.0343213728549143,1.0,4.055555555555555,0,0
neos-911970,3,0,69.25,43.57,69.25,43.57,3119,1777,,,ok,ok,1.0,0.6344483985765125,1.0,0.6344483985765125,1.0,0.5831003417210314,0,0
neos-911970,4,0,50.11,54.77,50.11,54.77,3605,9264,,,ok,ok,1.0,1.091175895128155,1.0,1.091175895128155,1.0,2.527395411605938,0,0
neos-933966,0,0,744.31,756.16,744.31,756.16,43,43,,,ok,ok,1.0,1.015899424400585,1.0,1.015899424400585,1.0,1.0,0,0
neos-933966,1,0,1182.98,7102.67,1182.98,7102.67,71,641,,,ok,ok,1.0,5.999822632139057,1.0,5.999822632139057,1.0,4.333333333333333,0,0
neos-933966,2,0,2738.7,938.97,2738.7,938.97,353,51,,,ok,ok,1.0,0.34309230937693913,1.0,0.34309230937693913,1.0,0.3333333333333333,0,0
neos-933966,3,0,1446.56,907.65,1446.56,907.65,99,42,,,ok,ok,1.0,0.6277114592832076,1.0,0.6277114592832076,1.0,0.7135678391959799,0,0
neos-933966,4,0,3963.87,1640.87,3963.87,1640.87,540,171,,,ok,ok,1.0,0.4141043716439631,1.0,0.4141043716439631,1.0,0.4234375,0,0
neos-950242,0,0,440.57,139.46,440.57,139.46,93,29,,,ok,ok,1.0,0.31809226170256133,1.0,0.31809226170256133,1.0,0.6683937823834197,0,0
neos-950242,1,0,109.56,132.17,109.56,132.17,38,35,,,ok,ok,1.0,1.2045043415340086,1.0,1.2045043415340086,1.0,0.9782608695652174,0,0
neos-950242,2,0,286.82,229.83,286.82,229.83,53,44,,,ok,ok,1.0,0.8019943019943021,1.0,0.8019943019943021,1.0,0.9411764705882353,0,0
neos-950242,3,0,489.94,158.42,489.94,158.42,192,33,,,ok,ok,1.0,0.32472399885933106,1.0,0.32472399885933106,1.0,0.4554794520547945,0,0
neos-950242,4,0,202.43,129.05,202.43,129.05,99,34,,,ok,ok,1.0,0.6392862409674089,1.0,0.6392862409674089,1.0,0.6733668341708543,0,0
neos-957323,0,0,126.97,325.67,126.97,325.67,2,85,,,ok,ok,1.0,2.552707665859186,1.0,2.552707665859186,1.0,1.8137254901960784,0,0
neos-957323,1,0,115.86,162.01,115.86,162.01,2,25,,,ok,ok,1.0,1.3949169946945061,1.0,1.3949169946945061,1.0,1.2254901960784315,0,0
neos-957323,2,0,246.07,227.85,246.07,227.85,49,2,,,ok,ok,1.0,0.9262557170032785,1.0,0.9262557170032785,1.0,0.6845637583892618,0,0
neos-957323,3,0,129.57,137.3,129.57,137.3,2,27,,,ok,ok,1.0,1.0592019606341427,1.0,1.0592019606341427,1.0,1.2450980392156863,0,0
neos-957323,4,0,101.46,125.84,101.46,125.84,1,1,,,ok,ok,1.0,1.2379465157134493,1.0,1.2379465157134493,1.0,1.0,0,0
neos-960392,0,0,1103.75,548.98,1103.75,548.98,51,30,,,ok,ok,1.0,0.49783208870785245,1.0,0.49783208870785245,1.0,0.8609271523178808,0,0
neos-960392,1,0,807.02,2025.53,807.02,2025.53,48,306,,,ok,ok,1.0,2.5080196034751614,1.0,2.5080196034751614,1.0,2.7432432432432434,0,0
neos-960392,2,0,2749.21,602.43,2749.21,602.43,208,35,,,ok,ok,1.0,0.21941233578526728,1.0,0.21941233578526728,1.0,0.4383116883116883,0,0
neos-960392,3,0,1248.76,2066.46,1248.76,2066.46,183,361,,,ok,ok,1.0,1.6542856228395852,1.0,1.6542856228395852,1.0,1.6289752650176679,0,0
neos-960392,4,0,4701.42,2411.53,4701.42,2411.53,876,208,,,ok,ok,1.0,0.5130400942493439,1.0,0.5130400942493439,1.0,0.3155737704918033,0,0
neos17,1,0,11.15,10.49,11.15,10.49,2478,2402,,,ok,ok,1.0,0.945679012345679,1.0,0.945679012345679,1.0,0.9705197827773467,0,0
neos17,2,0,13.05,12.35,13.05,12.35,2240,2318,,,ok,ok,1.0,0.9501779359430604,1.0,0.9501779359430604,1.0,1.0333333333333334,0,0
neos17,3,0,19.97,11.62,19.97,11.62,9277,3178,,,ok,ok,1.0,0.6018121125417263,1.0,0.6018121125417263,1.0,0.34957875653193987,0,0
neos17,4,0,13.2,10.06,13.2,10.06,4003,2225,,,ok,ok,1.0,0.7788732394366198,1.0,0.7788732394366198,1.0,0.5666585425298563,0,0
neos5,0,0,1518.75,1101.77,1518.75,1101.77,2437610,1796084,,,ok,ok,1.0,0.7256259253166639,1.0,0.7256259253166639,1.0,0.7368325190445131,0,0
neos5,1,0,866.15,746.92,866.15,746.92,1446640,1165075,,,ok,ok,1.0,0.8625036037594418,1.0,0.8625036037594418,1.0,0.8053796812143164,0,0
neos5,2,0,936.71,1389.48,936.71,1389.48,1528252,2307236,,,ok,ok,1.0,1.4828465090486398,1.0,1.4828465090486398,1.0,1.5096888674860243,0,0
neos5,3,0,665.26,744.68,665.26,744.68,1132930,1250994,,,ok,ok,1.0,1.1192027136553298,1.0,1.1192027136553298,1.0,1.104202007007758,0,0
neos5,4,0,1094.71,604.65,1094.71,604.65,2049285,983672,,,ok,ok,1.0,0.5527466209124676,1.0,0.5527466209124676,1.0,0.48003279032490237,0,0
net12,0,0,473.31,546.08,473.31,546.08,1085,1202,,,ok,ok,1.0,1.1534228669013937,1.0,1.1534228669013937,1.0,1.09873417721519,0,0
net12,1,0,1959.09,552.92,1959.09,552.92,2337,1443,,,ok,ok,1.0,0.28259926840094074,1.0,0.28259926840094074,1.0,0.6331555190808371,0,0
net12,2,0,552.84,580.28,552.84,580.28,1826,1547,,,ok,ok,1.0,1.0495449949443882,1.0,1.0495449949443882,1.0,0.8551401869158879,0,0
net12,3,0,969.2,440.13,969.2,440.13,2029,1150,,,ok,ok,1.0,0.45467944753659034,1.0,0.45467944753659034,1.0,0.5871301080319399,0,0
net12,4,0,427.46,306.85,427.46,306.85,1480,942,,,ok,ok,1.0,0.7185034775708352,1.0,0.7185034775708352,1.0,0.6594936708860759,0,0
netdiversion,0,0,2032.74,799.44,2032.74,799.44,88,23,,,ok,ok,1.0,0.393580300333376,1.0,0.393580300333376,1.0,0.6542553191489362,0,0
netdiversion,1,0,866.74,839.09,866.74,839.09,41,19,,,ok,ok,1.0,0.9681356166593681,1.0,0.9681356166593681,1.0,0.8439716312056738,0,0
netdiversion,2,0,912.89,849.66,912.89,849.66,14,11,,,ok,ok,1.0,0.9308122421735657,1.0,0.9308122421735657,1.0,0.9736842105263158,0,0
netdiversion,3,0,654.34,632.95,654.34,632.95,25,17,,,ok,ok,1.0,0.967360454115421,1.0,0.967360454115421,1.0,0.936,0,0
netdiversion,4,0,725.41,2680.47,725.41,2680.47,23,80,,,ok,ok,1.0,3.691400173455762,1.0,3.691400173455762,1.0,1.4634146341463414,0,0
nexp-150-20-8-5,0,0,1811.16,1739.57,1811.16,1739.57,182,27,,,ok,ok,1.0,0.960494658308317,1.0,0.960494658308317,1.0,0.450354609929078,0,0
nexp-150-20-8-5,1,0,4106.49,7200.0,4106.49,7200.0,2364,6583,,,ok,timelimit,1.0,1.7531387781832701,1.0,1.7531387781832701,1.0,2.7122564935064934,0,0
nexp-150-20-8-5,2,0,2648.08,2718.8,2648.08,2718.8,603,648,,,ok,ok,1.0,1.0266960605191238,1.0,1.0266960605191238,1.0,1.0640113798008535,0,0
nexp-150-20-8-5,3,0,3230.39,3111.57,3230.39,3111.57,2051,1228,,,ok,ok,1.0,0.9632294461516562,1.0,0.9632294461516562,1.0,0.6173872617387262,0,0
ns1208400,0,0,781.31,225.65,781.31,225.65,2049,758,,,ok,ok,1.0,0.28971890938374817,1.0,0.28971890938374817,1.0,0.3992554676593765,0,0
ns1208400,1,0,1514.76,590.85,1514.76,590.85,3846,1619,,,ok,ok,1.0,0.3904641895814641,1.0,0.3904641895814641,1.0,0.4356310187531678,0,0
ns1208400,2,0,3930.23,330.83,3930.23,330.83,10271,929,,,ok,ok,1.0,0.08440869651483124,1.0,0.08440869651483124,1.0,0.09921897599074342,0,0
ns1208400,3,0,813.95,949.01,813.95,949.01,2468,3424,,,ok,ok,1.0,1.1657279587704767,1.0,1.1657279587704767,1.0,1.3722741433021808,0,0
ns1208400,4,0,437.04,411.12,437.04,411.12,2235,1504,,,ok,ok,1.0,0.9408273217057802,1.0,0.9408273217057802,1.0,0.6869379014989293,0,0
ns1644855,0,0,715.59,429.89,715.59,429.89,1,1,,,ok,ok,1.0,0.6013061862431794,1.0,0.6013061862431794,1.0,1.0,0,0
ns1644855,1,0,7200.0,4729.7,7200.0,4729.7,30,7,,,timelimit,ok,1.0,0.6569504235522844,1.0,0.6569504235522844,1.0,0.823076923076923,0,0
ns1644855,3,0,7200.0,975.58,7200.0,975.58,92,1,,,timelimit,ok,1.0,0.13561727537841967,1.0,0.13561727537841967,1.0,0.5260416666666666,0,0
ns1644855,4,0,6779.93,4557.7,6779.93,4557.7,22,5,,,ok,ok,1.0,0.6722824155388715,1.0,0.6722824155388715,1.0,0.860655737704918,0,0
ns1830653,0,0,278.64,276.72,278.64,276.72,6269,8796,,,ok,ok,1.0,0.993134029466457,1.0,0.993134029466457,1.0,1.3967655832940806,0,0
ns1830653,1,0,196.95,151.63,196.95,151.63,5312,4151,,,ok,ok,1.0,0.7710532962869412,1.0,0.7710532962869412,1.0,0.7854767184035477,0,0
ns1830653,2,0,282.58,187.51,282.58,187.51,9008,3928,,,ok,ok,1.0,0.6647506876366458,1.0,0.6647506876366458,1.0,0.44224857268335527,0,0
ns1830653,3,0,147.37,176.76,147.37,176.76,3921,4313,,,ok,ok,1.0,1.1980858664150433,1.0,1.1980858664150433,1.0,1.0974881870181548,0,0
ns1830653,4,0,218.17,221.68,218.17,221.68,5888,6007,,,ok,ok,1.0,1.0160149655518549,1.0,1.0160149655518549,1.0,1.0198730794923179,0,0
ns1952667,0,0,6709.17,4797.5,6709.17,4797.5,19347,13064,,,ok,ok,1.0,0.7151085590976085,1.0,0.7151085590976085,1.0,0.6769167480845375,0,0
ns1952667,1,0,765.1,750.3,765.1,750.3,3413,3413,,,ok,ok,1.0,0.9806813731888786,1.0,0.9806813731888786,1.0,1.0,0,0
ns1952667,4,0,3332.48,2165.28,3332.48,2165.28,21144,15770,,,ok,ok,1.0,0.6498554063621201,1.0,0.6498554063621201,1.0,0.7470344567877989,0,0
nu25-pr12,1,0,7.35,11.03,7.35,11.03,110,143,,,ok,ok,1.0,1.4407185628742514,1.0,1.4407185628742514,1.0,1.1571428571428573,0,0
nu25-pr12,2,0,4.21,14.8,4.21,14.8,33,29,,,ok,ok,1.0,3.032629558541267,1.0,3.032629558541267,1.0,0.9699248120300752,0,0
nu25-pr12,3,0,5.26,15.24,5.26,15.24,7,241,,,ok,ok,1.0,2.5942492012779557,1.0,2.5942492012779557,1.0,3.1869158878504673,0,0
nursesched-sprint02,0,0,46.73,100.93,46.73,100.93,7,278,,,ok,ok,1.0,2.135554158809973,1.0,2.135554158809973,1.0,3.532710280373832,0,0
nursesched-sprint02,1,0,117.88,28.96,117.88,28.96,264,2,,,ok,ok,1.0,0.25201884253028267,1.0,0.25201884253028267,1.0,0.2802197802197802,0,0
nursesched-sprint02,2,0,31.47,85.91,31.47,85.91,2,238,,,ok,ok,1.0,2.6766245765321837,1.0,2.6766245765321837,1.0,3.3137254901960786,0,0
nursesched-sprint02,3,0,49.83,85.04,49.83,85.04,6,207,,,ok,ok,1.0,1.6927011607318514,1.0,1.6927011607318514,1.0,2.8962264150943398,0,0
nursesched-sprint02,4,0,21.66,42.93,21.66,42.93,2,6,,,ok,ok,1.0,1.938658428949691,1.0,1.938658428949691,1.0,1.0392156862745099,0,0
nw04,0,0,51.52,44.99,51.52,44.99,8,6,,,ok,ok,1.0,0.8756664127951257,1.0,0.8756664127951257,1.0,0.9814814814814815,0,0
nw04,1,0,48.55,45.99,48.55,45.99,7,5,,,ok,ok,1.0,0.9483350151362261,1.0,0.9483350151362261,1.0,0.9813084112149533,0,0
nw04,2,0,47.22,48.26,47.22,48.26,7,7,,,ok,ok,1.0,1.0215678141849855,1.0,1.0215678141849855,1.0,1.0,0,0
nw04,3,0,46.09,45.94,46.09,45.94,5,6,,,ok,ok,1.0,0.9968146103206624,1.0,0.9968146103206624,1.0,1.0095238095238095,0,0
nw04,4,0,42.92,46.71,42.92,46.71,4,6,,,ok,ok,1.0,1.0862932604735884,1.0,1.0862932604735884,1.0,1.0192307692307692,0,0
peg-solitaire-a3,1,0,7200.0,2485.01,7200.0,2485.01,2583,530,,,timelimit,ok,1.0,0.3452312178864047,1.0,0.3452312178864047,1.0,0.2348117778606038,0,0
peg-solitaire-a3,3,0,1211.67,7200.0,1211.67,7200.0,489,4629,,,ok,timelimit,1.0,5.938136508695687,1.0,5.938136508695687,1.0,8.028862478777588,0,0
pg,0,0,40.14,40.22,40.14,40.22,727,727,,,ok,ok,1.0,1.0019445794846864,1.0,1.0019445794846864,1.0,1.0,0,0
pg,1,0,39.7,39.82,39.7,39.82,671,671,,,ok,ok,1.0,1.0029484029484028,1.0,1.0029484029484028,1.0,1.0,0,0
pg,2,0,38.84,38.68,38.84,38.68,730,730,,,ok,ok,1.0,0.9959839357429718,1.0,0.9959839357429718,1.0,1.0,0,0
pg,3,0,35.28,35.33,35.28,35.33,526,526,,,ok,ok,1.0,1.0013781697905182,1.0,1.0013781697905182,1.0,1.0,0,0
pg,4,0,29.37,29.32,29.37,29.32,158,158,,,ok,ok,1.0,0.9983536384590056,1.0,0.9983536384590056,1.0,1.0,0,0
pg5_34,0,0,6491.23,6485.25,6491.23,6485.25,180891,180891,,,ok,ok,1.0,0.9990788989299517,1.0,0.9990788989299517,1.0,1.0,0,0
pg5_34,1,0,5074.84,5066.56,5074.84,5066.56,165567,165567,,,ok,ok,1.0,0.9983687429075779,1.0,0.9983687429075779,1.0,1.0,0,0
pg5_34,3,0,1603.86,1598.9,1603.86,1598.9,136067,136067,,,ok,ok,1.0,0.9969093877347558,1.0,0.9969093877347558,1.0,1.0,0,0
pg5_34,4,0,6503.86,6486.63,6503.86,6486.63,176873,176873,,,ok,ok,1.0,0.9973512112482052,1.0,0.9973512112482052,1.0,1.0,0,0
physiciansched6-2,0,0,110.9,201.72,110.9,201.72,2,112,,,ok,ok,1.0,1.8116175156389633,1.0,1.8116175156389633,1.0,2.0784313725490198,0,0
physiciansched6-2,1,0,67.15,77.85,67.15,77.85,1,1,,,ok,ok,1.0,1.1570066030814379,1.0,1.1570066030814379,1.0,1.0,0,0
physiciansched6-2,2,0,5245.49,217.69,5245.49,217.69,911,293,,,ok,ok,1.0,0.041683106229116994,1.0,0.041683106229116994,1.0,0.3887240356083086,0,0
physiciansched6-2,3,0,221.94,172.47,221.94,172.47,396,132,,,ok,ok,1.0,0.7781017314075536,1.0,0.7781017314075536,1.0,0.46774193548387094,0,0
physiciansched6-2,4,0,240.39,220.33,240.39,220.33,410,260,,,ok,ok,1.0,0.9168979659472224,1.0,0.9168979659472224,1.0,0.7058823529411765,0,0
piperout-08,0,0,19.11,25.71,19.11,25.71,35,130,,,ok,ok,1.0,1.328194927896569,1.0,1.328194927896569,1.0,1.7037037037037037,0,0
piperout-08,1,0,21.39,19.06,21.39,19.06,375,177,,,ok,ok,1.0,0.8959356855739169,1.0,0.8959356855739169,1.0,0.5831578947368421,0,0
piperout-08,2,0,20.36,25.55,20.36,25.55,114,96,,,ok,ok,1.0,1.2429775280898878,1.0,1.2429775280898878,1.0,0.9158878504672897,0,0
piperout-08,3,0,37.21,24.8,37.21,24.8,411,101,,,ok,ok,1.0,0.6752159120649045,1.0,0.6752159120649045,1.0,0.3933463796477495,0,0
piperout-08,4,0,25.35,19.33,25.35,19.33,385,92,,,ok,ok,1.0,0.771537001897533,1.0,0.771537001897533,1.0,0.3958762886597938,0,0
piperout-27,0,0,27.19,27.44,27.19,27.44,20,51,,,ok,ok,1.0,1.0088683930471798,1.0,1.0088683930471798,1.0,1.2583333333333333,0,0
piperout-27,1,0,16.72,22.56,16.72,22.56,121,594,,,ok,ok,1.0,1.329571106094808,1.0,1.329571106094808,1.0,3.1402714932126696,0,0
piperout-27,2,0,27.63,28.77,27.63,28.77,5,60,,,ok,ok,1.0,1.0398183723367098,1.0,1.0398183723367098,1.0,1.5238095238095237,0,0
piperout-27,3,0,14.94,16.09,14.94,16.09,18,1,,,ok,ok,1.0,1.0721455457967377,1.0,1.0721455457967377,1.0,0.8559322033898306,0,0
piperout-27,4,0,29.02,29.78,29.02,29.78,55,53,,,ok,ok,1.0,1.0253164556962027,1.0,1.0253164556962027,1.0,0.9870967741935484,0,0
pk1,0,0,193.47,189.37,193.47,189.37,334288,322194,,,ok,ok,1.0,0.9789170566154163,1.0,0.9789170566154163,1.0,0.96383243417826,0,0
pk1,1,0,206.91,203.18,206.91,203.18,329627,329627,,,ok,ok,1.0,0.9820595449954308,1.0,0.9820595449954308,1.0,1.0,0,0
pk1,2,0,195.29,192.36,195.29,192.36,319833,319905,,,ok,ok,1.0,0.9850731061184983,1.0,0.9850731061184983,1.0,1.0002250471192407,0,0
pk1,3,0,189.2,197.19,189.2,197.19,328000,346925,,,ok,ok,1.0,1.0420084121976867,1.0,1.0420084121976867,1.0,1.057680585187443,0,0
pk1,4,0,181.19,177.94,181.19,177.94,304851,304851,,,ok,ok,1.0,0.9821614797738625,1.0,0.9821614797738625,1.0,1.0,0,0
qap10,0,0,44.87,44.99,44.87,44.99,1,1,,,ok,ok,1.0,1.0026160889470244,1.0,1.0026160889470244,1.0,1.0,0,0
qap10,1,0,147.37,111.27,147.37,111.27,4,3,,,ok,ok,1.0,0.7566893576868639,1.0,0.7566893576868639,1.0,0.9903846153846154,0,0
qap10,2,0,79.82,77.6,79.82,77.6,2,2,,,ok,ok,1.0,0.9725315515961396,1.0,0.9725315515961396,1.0,1.0,0,0
qap10,3,0,57.13,62.48,57.13,62.48,1,1,,,ok,ok,1.0,1.0920350937553758,1.0,1.0920350937553758,1.0,1.0,0,0
qap10,4,0,147.87,71.06,147.87,71.06,11,2,,,ok,ok,1.0,0.4840464835091019,1.0,0.4840464835091019,1.0,0.918918918918919,0,0
rail01,0,0,7200.0,6932.6,7200.0,6932.6,168,143,,,timelimit,ok,1.0,0.9628662685738092,1.0,0.9628662685738092,1.0,0.9067164179104478,0,0
rail01,1,0,5295.45,7200.0,5295.45,7200.0,46,53,,,ok,timelimit,1.0,1.3595899139989993,1.0,1.3595899139989993,1.0,1.047945205479452,0,0
rail01,2,0,7200.0,5645.15,7200.0,5645.15,50,62,,,timelimit,ok,1.0,0.7840786001944174,1.0,0.7840786001944174,1.0,1.08,0,0
rail01,4,0,7200.0,5956.29,7200.0,5956.29,129,69,,,timelimit,ok,1.0,0.8272864879877795,1.0,0.8272864879877795,1.0,0.7379912663755459,0,0
rail507,0,0,231.24,232.54,231.24,232.54,788,788,,,ok,ok,1.0,1.0055976575955907,1.0,1.0055976575955907,1.0,1.0,0,0
rail507,1,0,267.77,222.19,267.77,222.19,736,736,,,ok,ok,1.0,0.8304126204561522,1.0,0.8304126204561522,1.0,1.0,0,0
rail507,2,0,234.98,232.66,234.98,232.66,624,624,,,ok,ok,1.0,0.9901686583608781,1.0,0.9901686583608781,1.0,1.0,0,0
rail507,3,0,242.6,198.77,242.6,198.77,684,678,,,ok,ok,1.0,0.8200738916256158,1.0,0.8200738916256158,1.0,0.9923469387755102,0,0
rail507,4,0,163.6,163.52,163.6,163.52,439,439,,,ok,ok,1.0,0.9995139732685299,1.0,0.9995139732685299,1.0,1.0,0,0
ran14x18-disj-8,0,0,1548.06,1708.17,1548.06,1708.17,291502,387491,,,ok,ok,1.0,1.1033594567027747,1.0,1.1033594567027747,1.0,1.3291781263502993,0,0
ran14x18-disj-8,1,0,1281.55,1334.24,1281.55,1334.24,197879,249570,,,ok,ok,1.0,1.0410822190168025,1.0,1.0410822190168025,1.0,1.261093348284414,0,0
ran14x18-disj-8,2,0,1584.06,2025.68,1584.06,2025.68,322226,405654,,,ok,ok,1.0,1.2786140587738004,1.0,1.2786140587738004,1.0,1.2588311212871441,0,0
ran14x18-disj-8,3,0,1809.51,1457.97,1809.51,1457.97,244211,262173,,,ok,ok,1.0,0.8058337153619699,1.0,0.8058337153619699,1.0,1.073521044897692,0,0
ran14x18-disj-8,4,0,977.58,1200.7,977.58,1200.7,141128,183842,,,ok,ok,1.0,1.2280038423021111,1.0,1.2280038423021111,1.0,1.3024471068060157,0,0
reblock115,3,0,6467.46,7200.0,6467.46,7200.0,511960,590549,,,ok,timelimit,1.0,1.1132479755614164,1.0,1.1132479755614164,1.0,1.1534761551380697,0,0
rmatr100-p10,0,0,191.97,191.98,191.97,191.98,749,749,,,ok,ok,1.0,1.000051821526662,1.0,1.000051821526662,1.0,1.0,0,0
rmatr100-p10,1,0,190.37,189.89,190.37,189.89,784,784,,,ok,ok,1.0,0.9974917698698854,1.0,0.9974917698698854,1.0,1.0,0,0
rmatr100-p10,2,0,191.41,191.77,191.41,191.77,731,731,,,ok,ok,1.0,1.0018710046255392,1.0,1.0018710046255392,1.0,1.0,0,0
rmatr100-p10,3,0,182.47,183.02,182.47,183.02,802,802,,,ok,ok,1.0,1.0029977653022293,1.0,1.0029977653022293,1.0,1.0,0,0
rmatr100-p10,4,0,192.18,192.12,192.18,192.12,829,829,,,ok,ok,1.0,0.9996894088414949,1.0,0.9996894088414949,1.0,1.0,0,0
rocI-4-11,0,0,178.33,159.98,178.33,159.98,22243,16220,,,ok,ok,1.0,0.8976746779679918,1.0,0.8976746779679918,1.0,0.7304301123394352,0,0
rocI-4-11,1,0,165.49,143.6,165.49,143.6,24183,24391,,,ok,ok,1.0,0.8685206318697819,1.0,0.8685206318697819,1.0,1.0085656632211835,0,0
rocI-4-11,2,0,86.76,92.91,86.76,92.91,14370,15951,,,ok,ok,1.0,1.0700774840474019,1.0,1.0700774840474019,1.0,1.1092605390463026,0,0
rocI-4-11,3,0,135.74,59.5,135.74,59.5,20266,8615,,,ok,ok,1.0,0.44244551703963725,1.0,0.44244551703963725,1.0,0.4279190808209761,0,0
rocI-4-11,4,0,197.6,119.19,197.6,119.19,24294,13601,,,ok,ok,1.0,0.6051863041289023,1.0,0.6051863041289023,1.0,0.5616545052061982,0,0
rococoC10-001000,0,0,1116.99,816.83,1116.99,816.83,45738,37201,,,ok,ok,1.0,0.7315181710033185,1.0,0.7315181710033185,1.0,0.8137571447270824,0,0
rococoC10-001000,1,0,1377.33,645.64,1377.33,645.64,59364,37165,,,ok,ok,1.0,0.46914744654763374,1.0,0.46914744654763374,1.0,0.6266816897618728,0,0
rococoC10-001000,2,0,654.88,938.03,654.88,938.03,27863,39955,,,ok,ok,1.0,1.4317100689150455,1.0,1.4317100689150455,1.0,1.4324285663197798,0,0
rococoC10-001000,3,0,1095.78,869.7,1095.78,869.7,59678,48035,,,ok,ok,1.0,0.7938693265741535,1.0,0.7938693265741535,1.0,0.8052293485897822,0,0
rococoC10-001000,4,0,775.62,905.97,775.62,905.97,35336,38308,,,ok,ok,1.0,1.1678427029950298,1.0,1.1678427029950298,1.0,1.083869511231516,0,0
roi2alpha3n4,0,0,985.44,695.97,985.44,695.97,4920,3826,,,ok,ok,1.0,0.7065508292445561,1.0,0.7065508292445561,1.0,0.7820717131474103,0,0
roi2alpha3n4,1,0,880.92,793.79,880.92,793.79,4258,2871,,,ok,ok,1.0,0.9012041908563135,1.0,0.9012041908563135,1.0,0.6817347407067462,0,0
roi2alpha3n4,2,0,1990.7,1029.07,1990.7,1029.07,12034,4530,,,ok,ok,1.0,0.5171813024049806,1.0,0.5171813024049806,1.0,0.3815724410746662,0,0
roi2alpha3n4,3,0,830.62,1018.19,830.62,1018.19,4240,5233,,,ok,ok,1.0,1.2255477261249128,1.0,1.2255477261249128,1.0,1.2288018433179724,0,0
roi2alpha3n4,4,0,889.38,969.95,889.38,969.95,4385,3914,,,ok,ok,1.0,1.090489453941014,1.0,1.090489453941014,1.0,0.8949832775919733,0,0
roll3000,0,0,35.88,60.1,35.88,60.1,1200,3211,,,ok,ok,1.0,1.6567245119305856,1.0,1.6567245119305856,1.0,2.546923076923077,0,0
roll3000,1,0,55.51,41.93,55.51,41.93,1814,1100,,,ok,ok,1.0,0.7596885506989913,1.0,0.7596885506989913,1.0,0.6269592476489029,0,0
roll3000,2,0,48.68,75.48,48.68,75.48,2034,3058,,,ok,ok,1.0,1.5394524959742353,1.0,1.5394524959742353,1.0,1.4798500468603561,0,0
roll3000,3,0,61.85,52.97,61.85,52.97,2759,2805,,,ok,ok,1.0,0.8587112171837709,1.0,0.8587112171837709,1.0,1.0160895417978315,0,0
roll3000,4,0,32.11,49.35,32.11,49.35,621,1136,,,ok,ok,1.0,1.5206886137118696,1.0,1.5206886137118696,1.0,1.7142857142857142,0,0
s250r10,0,0,3657.94,4894.54,3657.94,4894.54,24056,50293,,,ok,ok,1.0,1.3379667335348489,1.0,1.3379667335348489,1.0,2.086148368935254,0,0
s250r10,1,0,6587.75,3261.2,6587.75,3261.2,58336,7969,,,ok,ok,1.0,0.4951166761525327,1.0,0.4951166761525327,1.0,0.1380826887535081,0,0
s250r10,2,0,5850.92,2889.25,5850.92,2889.25,39965,9956,,,ok,ok,1.0,0.49389772929226644,1.0,0.49389772929226644,1.0,0.2509921377761138,0,0
s250r10,3,0,3023.86,4684.51,3023.86,4684.51,10014,38145,,,ok,ok,1.0,1.5490006149044915,1.0,1.5490006149044915,1.0,3.7813921297211786,0,0
s250r10,4,0,2768.22,4848.65,2768.22,4848.65,13687,27169,,,ok,ok,1.0,1.751269310491763,1.0,1.751269310491763,1.0,1.9778777108870675,0,0
seymour1,0,0,97.97,99.19,97.97,99.19,1370,1367,,,ok,ok,1.0,1.0123269677680105,1.0,1.0123269677680105,1.0,0.9979591836734694,0,0
seymour1,1,0,91.56,89.22,91.56,89.22,1295,1295,,,ok,ok,1.0,0.9747191011235955,1.0,0.9747191011235955,1.0,1.0,0,0
seymour1,2,0,78.4,78.17,78.4,78.17,1113,1113,,,ok,ok,1.0,0.9971032745591939,1.0,0.9971032745591939,1.0,1.0,0,0
seymour1,3,0,73.95,73.71,73.95,73.71,1093,1093,,,ok,ok,1.0,0.9967978652434956,1.0,0.9967978652434956,1.0,1.0,0,0
seymour1,4,0,78.19,78.3,78.19,78.3,1105,1105,,,ok,ok,1.0,1.0013890642757923,1.0,1.0013890642757923,1.0,1.0,0,0
sp98ar,0,0,6848.55,7200.0,6848.55,7200.0,72153,77273,,,ok,timelimit,1.0,1.0513099400690555,1.0,1.0513099400690555,1.0,1.070862109531784,0,0
sp98ar,1,0,4513.58,7200.0,4513.58,7200.0,54752,102846,,,ok,timelimit,1.0,1.5950542464636799,1.0,1.5950542464636799,1.0,1.8767957412674106,0,0
sp98ar,2,0,6256.04,3670.16,6256.04,3670.16,58581,34579,,,ok,ok,1.0,0.586724713282958,1.0,0.586724713282958,1.0,0.5909749322608681,0,0
sp98ar,4,0,3719.24,7200.0,3719.24,7200.0,37861,79359,,,ok,timelimit,1.0,1.935627808958562,1.0,1.935627808958562,1.0,2.093174573904797,0,0
splice1k1,0,0,6274.96,7200.0,6274.96,7200.0,620,928,,,ok,timelimit,1.0,1.147394183519334,1.0,1.147394183519334,1.0,1.4277777777777778,0,0
supportcase18,0,0,7200.0,6560.73,7200.0,6560.73,46652,49956,,,timelimit,ok,1.0,0.9112248298847382,1.0,0.9112248298847382,1.0,1.0706707734428473,0,0
supportcase18,1,0,6639.38,6553.35,6639.38,6553.35,39128,31839,,,ok,ok,1.0,0.9870444161328117,1.0,0.9870444161328117,1.0,0.8141888447027633,0,0
supportcase18,3,0,7200.0,5576.12,7200.0,5576.12,41540,20434,,,timelimit,ok,1.0,0.7744924316067213,1.0,0.7744924316067213,1.0,0.4931316042267051,0,0
supportcase18,4,0,4172.88,7200.0,4172.88,7200.0,31748,43586,,,ok,timelimit,1.0,1.7252532415881625,1.0,1.7252532415881625,1.0,1.3717030896759608,0,0
supportcase26,0,0,7200.0,5825.12,7200.0,5825.12,2035835,2158296,,,timelimit,ok,1.0,0.809070962366338,1.0,0.809070962366338,1.0,1.0601497592015463,0,0
supportcase26,2,0,7200.0,5582.63,7200.0,5582.63,3343277,2755921,,,timelimit,ok,1.0,0.7753964727121233,1.0,0.7753964727121233,1.0,0.8243225337734871,0,0
supportcase26,4,0,1486.56,1341.54,1486.56,1341.54,619647,559903,,,ok,ok,1.0,0.9025114953346419,1.0,0.9025114953346419,1.0,0.9035993720018007,0,0
supportcase33,0,0,4849.38,6063.1,4849.38,6063.1,49218,62404,,,ok,ok,1.0,1.2502319405902218,1.0,1.2502319405902218,1.0,1.2673668843018777,0,0
supportcase33,1,0,375.65,306.52,375.65,306.52,6633,5257,,,ok,ok,1.0,0.8164609053497942,1.0,0.8164609053497942,1.0,0.7956334472003564,0,0
supportcase33,2,0,1258.04,341.48,1258.04,341.48,25290,6379,,,ok,ok,1.0,0.2720167746854747,1.0,0.2720167746854747,1.0,0.2551792044111855,0,0
supportcase33,3,0,847.42,349.83,847.42,349.83,19343,5922,,,ok,ok,1.0,0.41350981825039484,1.0,0.41350981825039484,1.0,0.3097258653499974,0,0
supportcase33,4,0,616.73,540.89,616.73,540.89,9721,11709,,,ok,ok,1.0,0.8772279151085425,1.0,0.8772279151085425,1.0,1.2024233784746972,0,0
supportcase40,0,0,1866.12,1864.89,1866.12,1864.89,8147,8147,,,ok,ok,1.0,0.9993412314152278,1.0,0.9993412314152278,1.0,1.0,0,0
supportcase40,1,0,1746.16,1748.36,1746.16,1748.36,8308,8308,,,ok,ok,1.0,1.0012591863366835,1.0,1.0012591863366835,1.0,1.0,0,0
supportcase40,2,0,1825.47,1812.74,1825.47,1812.74,10932,10932,,,ok,ok,1.0,0.9930302715073338,1.0,0.9930302715073338,1.0,1.0,0,0
supportcase40,3,0,1149.75,1150.06,1149.75,1150.06,5682,5682,,,ok,ok,1.0,1.0002693895285684,1.0,1.0002693895285684,1.0,1.0,0,0
supportcase40,4,0,1755.93,1760.25,1755.93,1760.25,8830,8830,,,ok,ok,1.0,1.0024588344441725,1.0,1.0024588344441725,1.0,1.0,0,0
supportcase42,0,0,4351.59,5548.46,4351.59,5548.46,175999,219274,,,ok,ok,1.0,1.2749788057225697,1.0,1.2749788057225697,1.0,1.2457424516891067,0,0
supportcase42,1,0,4021.48,7200.0,4021.48,7200.0,199626,454223,,,ok,timelimit,1.0,1.7901891370497802,1.0,1.7901891370497802,1.0,2.274731381993331,0,0
supportcase42,2,0,5197.75,7200.0,5197.75,7200.0,227209,360344,,,ok,timelimit,1.0,1.3851406588122144,1.0,1.3851406588122144,1.0,1.5857005221966574,0,0
supportcase42,3,0,4647.88,7200.0,4647.88,7200.0,210366,310801,,,ok,timelimit,1.0,1.5489752370463423,1.0,1.5489752370463423,1.0,1.4772029686505184,0,0
supportcase7,0,0,244.55,275.23,244.55,275.23,51,48,,,ok,ok,1.0,1.1249440032579923,1.0,1.1249440032579923,1.0,0.9801324503311258,0,0
supportcase7,1,0,417.33,378.16,417.33,378.16,10,11,,,ok,ok,1.0,0.9063657877752015,1.0,0.9063657877752015,1.0,1.009090909090909,0,0
supportcase7,2,0,291.97,247.83,291.97,247.83,53,23,,,ok,ok,1.0,0.8493361094992661,1.0,0.8493361094992661,1.0,0.803921568627451,0,0
supportcase7,3,0,235.09,299.72,235.09,299.72,24,18,,,ok,ok,1.0,1.2737515354314033,1.0,1.2737515354314033,1.0,0.9516129032258065,0,0
supportcase7,4,0,271.99,248.16,271.99,248.16,113,44,,,ok,ok,1.0,0.9127074251804095,1.0,0.9127074251804095,1.0,0.676056338028169,0,0
swath1,0,0,27.38,27.17,27.38,27.17,423,441,,,ok,ok,1.0,0.9926004228329811,1.0,0.9926004228329811,1.0,1.034416826003824,0,0
swath1,1,0,18.15,25.33,18.15,25.33,248,405,,,ok,ok,1.0,1.374934725848564,1.0,1.374934725848564,1.0,1.4511494252873562,0,0
swath1,2,0,29.87,20.0,29.87,20.0,353,313,,,ok,ok,1.0,0.6802721088435374,1.0,0.6802721088435374,1.0,0.9116997792494481,0,0
swath1,3,0,23.31,16.61,23.31,16.61,482,242,,,ok,ok,1.0,0.7243932538050185,1.0,0.7243932538050185,1.0,0.5876288659793815,0,0
swath1,4,0,18.3,24.94,18.3,24.94,403,309,,,ok,ok,1.0,1.344041450777202,1.0,1.344041450777202,1.0,0.8131212723658051,0,0
swath3,0,0,218.75,362.2,218.75,362.2,11144,28027,,,ok,ok,1.0,1.652787258248009,1.0,1.652787258248009,1.0,2.5015119174670937,0,0
swath3,1,0,419.31,357.31,419.31,357.31,26281,24089,,,ok,ok,1.0,0.8524898289357855,1.0,0.8524898289357855,1.0,0.9169098972745536,0,0
swath3,2,0,240.2,235.28,240.2,235.28,13252,14221,,,ok,ok,1.0,0.9796019900497513,1.0,0.9796019900497513,1.0,1.0725733972438587,0,0
swath3,3,0,234.3,287.26,234.3,287.26,26639,18675,,,ok,ok,1.0,1.2250743731406715,1.0,1.2250743731406715,1.0,0.7021578967051871,0,0
swath3,4,0,195.4,236.81,195.4,236.81,10816,15691,,,ok,ok,1.0,1.2108452138492871,1.0,1.2108452138492871,1.0,1.4465921582997434,0,0
tbfp-network,0,0,1296.37,2398.11,1296.37,2398.11,74,570,,,ok,ok,1.0,1.849210325504675,1.0,1.849210325504675,1.0,3.8505747126436782,0,0
tbfp-network,1,0,1414.4,697.48,1414.4,697.48,58,15,,,ok,ok,1.0,0.49348594037021337,1.0,0.49348594037021337,1.0,0.7278481012658228,0,0
tbfp-network,2,0,1206.92,2769.38,1206.92,2769.38,95,481,,,ok,ok,1.0,2.2935128154182394,1.0,2.2935128154182394,1.0,2.9794871794871796,0,0
tbfp-network,3,0,1860.07,767.12,1860.07,767.12,618,77,,,ok,ok,1.0,0.4127303110576174,1.0,0.4127303110576174,1.0,0.24651810584958217,0,0
tbfp-network,4,0,3502.54,2894.38,3502.54,2894.38,1157,1472,,,ok,ok,1.0,0.8264155682538233,1.0,0.8264155682538233,1.0,1.2505966587112172,0,0
timtab1,0,0,99.71,81.4,99.71,81.4,26692,20009,,,ok,ok,1.0,0.8181908450004965,1.0,0.8181908450004965,1.0,0.7505598686174978,0,0
timtab1,1,0,109.37,167.13,109.37,167.13,41527,67296,,,ok,ok,1.0,1.5233306152034065,1.0,1.5233306152034065,1.0,1.6190453311552597,0,0
timtab1,2,0,146.4,122.87,146.4,122.87,43527,41554,,,ok,ok,1.0,0.8403663500678425,1.0,0.8403663500678425,1.0,0.9547757122882619,0,0
timtab1,3,0,138.59,182.55,138.59,182.55,45620,67259,,,ok,ok,1.0,1.314922272369081,1.0,1.314922272369081,1.0,1.4732939632545932,0,0
timtab1,4,0,99.66,83.2,99.66,83.2,32498,20631,,,ok,ok,1.0,0.8364792370355654,1.0,0.8364792370355654,1.0,0.6359592613043745,0,0
tr12-30,0,0,808.04,669.04,808.04,669.04,345154,270384,,,ok,ok,1.0,0.8281914367645604,1.0,0.8281914367645604,1.0,0.7834348045207297,0,0
tr12-30,1,0,848.93,765.42,848.93,765.42,362197,329900,,,ok,ok,1.0,0.9017448495758474,1.0,0.9017448495758474,1.0,0.9108549063337538,0,0
tr12-30,2,0,566.59,539.2,566.59,539.2,242457,226618,,,ok,ok,1.0,0.9517433358586304,1.0,0.9517433358586304,1.0,0.9346998849754903,0,0
tr12-30,3,0,689.22,943.84,689.22,943.84,297497,482227,,,ok,ok,1.0,1.3688968734606357,1.0,1.3688968734606357,1.0,1.6207387843291432,0,0
tr12-30,4,0,947.02,898.69,947.02,898.69,404774,388707,,,ok,ok,1.0,0.9490200628678721,1.0,0.9490200628678721,1.0,0.960316048943622,0,0
traininstance6,0,0,2451.7,967.19,2451.7,967.19,468118,102525,,,ok,ok,1.0,0.39474456721164436,1.0,0.39474456721164436,1.0,0.2191820903937909,0,0
traininstance6,1,0,1595.73,2397.15,1595.73,2397.15,396683,228344,,,ok,ok,1.0,1.5019132852767845,1.0,1.5019132852767845,1.0,0.5757403921034924,0,0
traininstance6,2,0,1511.79,2449.01,1511.79,2449.01,292735,287806,,,ok,ok,1.0,1.6195308007059805,1.0,1.6195308007059805,1.0,0.9831679956289378,0,0
traininstance6,3,0,706.53,1956.9,706.53,1956.9,140173,207526,,,ok,ok,1.0,2.7672324848416325,1.0,2.7672324848416325,1.0,1.480156551866717,0,0
traininstance6,4,0,1645.69,3171.22,1645.69,3171.22,330193,113724,,,ok,ok,1.0,1.926422095233468,1.0,1.926422095233468,1.0,0.3446152355635754,0,0
triptim1,0,0,318.54,312.14,318.54,312.14,2,2,,,ok,ok,1.0,0.9799712086123802,1.0,0.9799712086123802,1.0,1.0,0,0
triptim1,1,0,341.89,343.23,341.89,343.23,1,1,,,ok,ok,1.0,1.003907958820613,1.0,1.003907958820613,1.0,1.0,0,0
triptim1,2,0,1108.06,3260.91,1108.06,3260.91,7,396,,,ok,ok,1.0,2.9411483598723245,1.0,2.9411483598723245,1.0,4.635514018691588,0,0
triptim1,3,0,1048.65,984.64,1048.65,984.64,6,7,,,ok,ok,1.0,0.9390177678273709,1.0,0.9390177678273709,1.0,1.009433962264151,0,0
triptim1,4,0,687.86,757.08,687.86,757.08,8,18,,,ok,ok,1.0,1.100484859042476,1.0,1.100484859042476,1.0,1.0925925925925926,0,0
uct-subprob,0,0,2070.91,1733.63,2070.91,1733.63,47598,40409,,,ok,ok,1.0,0.8372130063564538,1.0,0.8372130063564538,1.0,0.8492808922805988,0,0
uct-subprob,1,0,1665.68,2383.62,1665.68,2383.62,38516,66305,,,ok,ok,1.0,1.4307605539155686,1.0,1.4307605539155686,1.0,1.7196239900559354,0,0
uct-subprob,2,0,2634.36,4056.7,2634.36,4056.7,59555,97771,,,ok,ok,1.0,1.5397137392993745,1.0,1.5397137392993745,1.0,1.640616880395608,0,0
uct-subprob,3,0,1992.94,1993.99,1992.94,1993.99,41906,42820,,,ok,ok,1.0,1.0005265955846214,1.0,1.0005265955846214,1.0,1.0217587963624244,0,0
uct-subprob,4,0,1866.42,2021.92,1866.42,2021.92,38855,46237,,,ok,ok,1.0,1.0832699660494158,1.0,1.0832699660494158,1.0,1.1895007059427545,0,0
unitcal_7,0,0,693.71,892.95,693.71,892.95,444,772,,,ok,ok,1.0,1.28679592923666,1.0,1.28679592923666,1.0,1.6029411764705883,0,0
unitcal_7,1,0,1274.98,823.6,1274.98,823.6,1548,940,,,ok,ok,1.0,0.6462483737989624,1.0,0.6462483737989624,1.0,0.6310679611650486,0,0
unitcal_7,2,0,1572.97,1669.77,1572.97,1669.77,1379,2062,,,ok,ok,1.0,1.0615005368590253,1.0,1.0615005368590253,1.0,1.4617985125084516,0,0
unitcal_7,3,0,527.35,663.13,527.35,663.13,206,448,,,ok,ok,1.0,1.2569887385255984,1.0,1.2569887385255984,1.0,1.7908496732026145,0,0
unitcal_7,4,0,801.22,1418.74,801.22,1418.74,536,1524,,,ok,ok,1.0,1.7697639051631722,1.0,1.7697639051631722,1.0,2.5534591194968552,0,0
var-smallemery-m6j6,0,0,6772.57,6250.24,6772.57,6250.24,755153,730597,,,ok,ok,1.0,0.9228870447932184,1.0,0.9228870447932184,1.0,0.9674863919772579,0,0
var-smallemery-m6j6,2,0,7200.0,6850.05,7200.0,6850.05,681362,716196,,,timelimit,ok,1.0,0.9514025829745869,1.0,0.9514025829745869,1.0,1.0511165699628153,0,0
var-smallemery-m6j6,3,0,6069.65,7200.0,6069.65,7200.0,792826,506465,,,ok,timelimit,1.0,1.186199171423159,1.0,1.186199171423159,1.0,0.6388553282399618,0,0
wachplan,0,0,3952.95,2748.03,3952.95,2748.03,303150,188964,,,ok,ok,1.0,0.6952617003249916,1.0,0.6952617003249916,1.0,0.6234591920857379,0,0
wachplan,1,0,2145.38,1942.22,2145.38,1942.22,123942,123373,,,ok,ok,1.0,0.905347608531574,1.0,0.905347608531574,1.0,0.9954128440366973,0,0
wachplan,2,0,3395.22,2002.57,3395.22,2002.57,224457,113686,,,ok,ok,1.0,0.5899411698888765,1.0,0.5899411698888765,1.0,0.5067132175795009,0,0
wachplan,3,0,3183.27,2058.73,3183.27,2058.73,220373,137951,,,ok,ok,1.0,0.6468452737990183,1.0,0.6468452737990183,1.0,0.6261583050985835,0,0
wachplan,4,0,3248.38,2651.53,3248.38,2651.53,247721,155990,,,ok,ok,1.0,0.816318805433652,1.0,0.816318805433652,1.0,0.6298497706005545,0,0
